{"GO": {"GO:0060429": 9.88498048432531e-05, "GO:0060512": 8.690313793712135e-05, "GO:0030850": 0.0006745611531267347, "GO:0009888": 0.0005251266905203865, "GO:0001655": 0.0014135795853517953, "GO:0030855": 0.0013787618725658122, "GO:0048732": 0.0012015589370632568, "GO:0040008": 0.0011975261233831596, "GO:0060480": 0.0016872272075070204, "GO:0060740": 0.0015646651177712936, "GO:0060479": 0.0016145643232080313, "GO:0060487": 0.0014800172962740287, "GO:0048863": 0.00170527008036819, "GO:0060481": 0.002167032896771645, "GO:0014033": 0.00209356934771283, "GO:0010941": 0.0023922122037711366, "GO:0022612": 0.0027649753898247803, "GO:0060482": 0.0028061913993578367, "GO:0051094": 0.0027892979643381107, "GO:0009790": 0.002813056969698322, "GO:0060428": 0.002818609008034211, "GO:0048729": 0.002743300354165212, "GO:0045597": 0.00437578795625873, "GO:0045927": 0.004236444087907025, "GO:0048513": 0.004103130294356269, "GO:0048565": 0.004777098713513262, "GO:0051093": 0.005008500946045972, "GO:0014041": 0.005035383467463042, "GO:0035295": 0.004891792900170951, "GO:0002009": 0.005712429168847089, "GO:0055123": 0.005617635540877049, "GO:0060688": 0.005476906517754563, "GO:0035239": 0.005480432623372582, "GO:0060548": 0.0056030123564089936, "GO:0048608": 0.0055765040540851196, "GO:0045785": 0.005557672309498236, "GO:0061458": 0.0056294469140853905, "GO:0060433": 0.005950546289399344, "GO:0060525": 0.005797968179414746, "GO:0061140": 0.005653018974929377, "GO:0042306": 0.006195152356330433, "GO:0009887": 0.006051444363879237, "GO:0002162": 0.006420515526863676, "GO:0060742": 0.006274594719434956, "GO:0002067": 0.006528055299682033, "GO:0048638": 0.006658769329966755, "GO:0048762": 0.0068711414101371784, "GO:0033148": 0.006894871092734004, "GO:1904338": 0.006754159437780249, "GO:0033145": 0.007814404312121005, "GO:0033143": 0.008215791339451795, "GO:0010832": 0.008757037200644913, "GO:1900103": 0.008591810083651612, "GO:0045893": 0.00860516178997749, "GO:1903508": 0.00844870430288699, "GO:0050793": 0.008561678996670166, "GO:1902680": 0.008437518811469985, "GO:0045664": 0.009070575182877301, "GO:0014032": 0.010105663124226005, "GO:0042981": 0.011584597547487316, "GO:1990837": 0.01200508768776233, "GO:0008589": 0.011897933982459311, "GO:0048864": 0.01170907788749964, "GO:0071391": 0.011913036518913728, "GO:0001657": 0.012141552157316134, "GO:0072163": 0.012360769717920154, "GO:0072164": 0.01217628061765269, "GO:0051254": 0.012701873979862204, "GO:0043067": 0.012568160807592224, "GO:0032880": 0.01263327670821974, "GO:0007167": 0.012540336599415476, "GO:0009653": 0.012431096429907178, "GO:0001823": 0.012712422243603496, "GO:1903429": 0.01276818230745097, "GO:0010717": 0.013577872143618261, "GO:0007169": 0.013674197257155988, "GO:0030154": 0.013541781849265421, "GO:0060749": 0.013374576380322533, "GO:0061377": 0.013205277945128576, "GO:0045595": 0.013287802152639727, "GO:0045596": 0.013231607767293898, "GO:0060485": 0.013558267313154937, "GO:0048869": 0.01352775819237227, "GO:0033630": 0.013646969690313546, "GO:0003690": 0.013711659915194796, "GO:0010557": 0.014169584486186833, "GO:0043565": 0.014187696048070122, "GO:0002065": 0.015029420262257237, "GO:0048646": 0.015097349072913427, "GO:0007389": 0.016196378890916165, "GO:0045165": 0.016850731115944758, "GO:0046822": 0.016895976300201912, "GO:0031328": 0.018009754074556985, "GO:0060341": 0.018106794317810534, "GO:0045935": 0.019869741931498656, "GO:0009891": 0.021516199048726255, "GO:0010811": 0.021569356772981402, "GO:1900101": 0.021845082726298884, "GO:0000976": 0.025783178216083075, "GO:0001067": 0.02576985157283182, "GO:0045577": 0.025647725034931117, "GO:0043065": 0.02539828494880003, "GO:0071396": 0.02515169965803498, "GO:0030155": 0.025597957414367066, "GO:0005154": 0.0261853594491803, "GO:0010719": 0.025938327756263504, "GO:0033146": 0.025695913478167583, "GO:0048010": 0.025457988353369737, "GO:0051154": 0.025224428827192034, "GO:0071542": 0.024995115837853923, "GO:0001822": 0.02520803035325321, "GO:0051253": 0.025642693268585388, "GO:0031670": 0.025779365152324724, "GO:0043068": 0.0265278664846882, "GO:0072073": 0.0263979730583373, "GO:0021772": 0.026562259491739768, "GO:0019102": 0.02676543125103714, "GO:0032475": 0.026538605562469033, "GO:0044345": 0.026315592070347442, "GO:0051886": 0.026096295469761215, "GO:0060520": 0.025880623606374758, "GO:0061144": 0.02566848734730611, "GO:0061526": 0.025459800458303622, "GO:0070974": 0.02525447948686569, "GO:0090246": 0.025052443650970764, "GO:1902038": 0.02485361473310592, "GO:1902691": 0.024657916979301933, "GO:1904799": 0.024465277002901138, "GO:1904800": 0.02427562369280113, "GO:2000080": 0.02408888812593343, "GO:2000173": 0.02390500348375073, "GO:0072001": 0.023905383180377465, "GO:1905898": 0.024465485748702383, "GO:0060562": 0.024967593499913107, "GO:1900180": 0.02535499804833078, "GO:0021988": 0.0252287952370509, "GO:0045880": 0.025044643446999436, "GO:0010942": 0.026902807460522614, "GO:0048731": 0.027649194883981473, "GO:0033993": 0.02747880363092321, "GO:0042325": 0.027390808022381627, "GO:0010453": 0.028096509543686976, "GO:0010830": 0.027900030455968887, "GO:0042307": 0.0277062802444691, "GO:0071364": 0.02751520244967966, "GO:0010628": 0.027833927951431657, "GO:0000978": 0.027925540336918468, "GO:2001236": 0.027934647482278772, "GO:0035924": 0.028086184839921768, "GO:0048639": 0.029095445230227945, "GO:0030307": 0.029421932017489334, "GO:0000981": 0.029259317464759124, "GO:0000987": 0.02979643080091514, "GO:0007275": 0.030098333319656806, "GO:0061138": 0.030213807546758873, "GO:0043066": 0.030103023278869386, "GO:0048598": 0.030056280592827708, "GO:0045934": 0.030003161421088904, "GO:0022603": 0.029885218935823254, "GO:0070849": 0.02998046310086206, "GO:0008134": 0.032033599298078176, "GO:0050678": 0.03285537163672256, "GO:0009967": 0.03295317758380516, "GO:0048546": 0.03322278259466778, "GO:0050673": 0.033044814165965844, "GO:0043069": 0.033077587097449054, "GO:0001763": 0.033187897281753025, "GO:0003700": 0.03370752048200887, "GO:0033628": 0.03357690493655447, "GO:0030324": 0.03532984024467783, "GO:0003006": 0.03611904228407895, "GO:0003275": 0.03638397647457421, "GO:0006990": 0.036173664471831006, "GO:0007497": 0.035965769848429675, "GO:0018993": 0.03576025116358151, "GO:0030974": 0.035557067918333886, "GO:0032460": 0.03535618052896477, "GO:0032463": 0.03515755030127395, "GO:0035675": 0.034961139405736114, "GO:0045720": 0.03476691085348202, "GO:0048817": 0.034574828473076046, "GO:0048882": 0.034384856888059145, "GO:0048884": 0.03419696149522822, "GO:0048886": 0.03401110844362372, "GO:0051032": 0.03382726461419872, "GO:0051033": 0.03364539760014389, "GO:0060599": 0.03346547568784366, "GO:0060738": 0.033287467838440235, "GO:0072046": 0.033111343669982876, "GO:0090422": 0.032937073440140865, "GO:1902257": 0.032764628029459494, "GO:1903489": 0.0325939789251394, "GO:2000040": 0.032425098205320024, "GO:2000041": 0.0322579585238493, "GO:2000053": 0.03209253309552187, "GO:2000054": 0.031928795681769206, "GO:2000079": 0.031766720576785604, "GO:1902895": 0.032214136792607734, "GO:0048856": 0.032073353255057474, "GO:0030323": 0.03196868272801357, "GO:0007166": 0.03249110145737606, "GO:2001238": 0.032780492087409165, "GO:0045944": 0.032791794204083895, "GO:0002064": 0.03281547081402795, "GO:2001233": 0.03276942087850494, "GO:0001954": 0.03581127107838669, "GO:0019220": 0.035651414441563084, "GO:0051174": 0.03563750193656256, "GO:0043009": 0.0356807090834962, "GO:1901700": 0.035838839318422806, "GO:0045892": 0.03575712253777816, "GO:1903507": 0.035745626123802776, "GO:0000977": 0.0357347691899488, "GO:0001755": 0.03568904855083287, "GO:0051148": 0.03675360234468011, "GO:0090303": 0.03658344677826955, "GO:2000630": 0.0364148594659273, "GO:0032502": 0.03679766736264184, "GO:1902679": 0.036787922043555944, "GO:0061180": 0.03714005569417698, "GO:0090497": 0.03697200114352459, "GO:0050679": 0.037509854459720285, "GO:0043408": 0.037597971622028485,