{"GO": {"GO:0006629": 0.027309672814519372, "GO:0045604": 0.03733636539268544, "GO:0007169": 0.035241874137496035, "GO:0004714": 0.027961961091792473, "GO:0045682": 0.02383086836365245, "GO:0005215": 0.026785566121490616, "GO:0005886": 0.024115904423107442, "GO:0006796": 0.022167296654359393, "GO:0006793": 0.023337452433635206, "GO:0045606": 0.02151124634599064, "GO:0030554": 0.020758745332463708, "GO:0004713": 0.02115429669217449, "GO:0019199": 0.022278512391301304, "GO:0036094": 0.021876607460323633, "GO:0010976": 0.020435000923427368, "GO:0071944": 0.019164864327182538, "GO:0015079": 0.0197540693469995, "GO:0045684": 0.020041961046407968, "GO:0018108": 0.024204128630174068, "GO:0071805": 0.024418071461237, "GO:0018212": 0.02386055078243868, "GO:0045616": 0.02339707104911495, "GO:0006813": 0.028460501995498794, "GO:0042626": 0.027764711292096508, "GO:0016020": 0.02725428059082585, "GO:0019637": 0.02704142554672518, "GO:0044255": 0.03284803568400784, "GO:0006643": 0.03381493575422402, "GO:1990573": 0.03457999909600583, "GO:0005524": 0.036795387327903106, "GO:0060052": 0.03677217816932727, "GO:0019372": 0.04345196999868099, "GO:0045177": 0.044033734681549405, "GO:0005267": 0.04370641009827719, "GO:0006869": 0.0455085995980619, "GO:0032559": 0.04496728591061692, "GO:0007167": 0.04518338743023288, "GO:0031346": 0.04891540879104068, "GO:0017076": 0.048123032427328225}, "KEGG": {}, "REACTOME": {"R-HSA-8866910": 0.0039096351256941025, "R-HSA-1306955": 0.018154356814665353, "R-HSA-8864260": 0.026436587856871644}, "HPO": {"HP:0000232": 0.005017579531510108, "HP:0000178": 0.005204475453111053, "HP:0012472": 0.005724512162539538}}