{"GO": {"GO:0031424": 0.00587502479891385, "GO:0045095": 0.0037344294138616195, "GO:0009913": 0.00255318523138732, "GO:0043588": 0.0019202174196219946, "GO:0030216": 0.002190100630894308, "GO:0008544": 0.005083699339667528, "GO:0016213": 0.004373652606989484, "GO:0043651": 0.016558232468533926, "GO:0001951": 0.0203178690712886, "GO:0016215": 0.01828608216415974, "GO:0060687": 0.027643347714223478, "GO:0097070": 0.025339735404704855, "GO:0106001": 0.023390524988958328, "GO:0005882": 0.028028411746027326, "GO:0099513": 0.026730319037229094, "GO:0060526": 0.028442563955740442, "GO:0060527": 0.026769471958343945, "GO:1903598": 0.03531495374327555, "GO:0072330": 0.03362203490834514, "GO:0060429": 0.03379916551239116, "GO:0030280": 0.032613994491293506, "GO:0048145": 0.032318145132253534, "GO:0016717": 0.047164583980867175, "GO:0045111": 0.045618089927908785, "GO:0033559": 0.04415248984936102, "GO:1903596": 0.04831822058211751, "GO:0005737": 0.047909410369587166, "GO:0005200": 0.049094232942130396, "GO:0060442": 0.049994306272569906, "GO:0090179": 0.048523885499847264}, "KEGG": {"hsa04915": 0.010360784413728346}, "REACTOME": {"R-HSA-8866910": 0.003589996528574875, "R-HSA-6809371": 0.005381502509759483, "R-HSA-6805567": 0.01116281408147022, "R-HSA-8864260": 0.018084607510506133, "R-HSA-8978868": 0.016417610493221508, "R-HSA-2046105": 0.013713351787134611, "R-HSA-446107": 0.02293225724575784, "R-HSA-2046104": 0.02832814836672164, "R-HSA-2046106": 0.025180576325974792}, "HPO": {"HP:0007446": 7.190831115817623e-05, "HP:0001805": 4.067005111385916e-05, "HP:0002164": 0.0007068986204302333, "HP:0033800": 0.0005593672936210631, "HP:0001070": 0.0007332505115265697, "HP:0001231": 0.0013819174882314619, "HP:0012514": 0.0021400583380546175, "HP:0007550": 0.0019110036653192132, "HP:0008404": 0.0017106293588268486, "HP:0000975": 0.0018088219806807083, "HP:0007497": 0.0017707466363918003, "HP:0034067": 0.0016231844166924834, "HP:0025276": 0.0016313274007047596, "HP:0200040": 0.0025666602880242153, "HP:0009763": 0.0038085601462583174, "HP:0007599": 0.0036438778393476567, "HP:0000962": 0.004035948156390788, "HP:0001597": 0.0050168365829008, "HP:0025245": 0.005123146554881174, "HP:0005483": 0.005583016543509584, "HP:0003489": 0.005539979505084137, "HP:0007483": 0.0052881622548530405, "HP:0007585": 0.005058242156815952, "HP:0012035": 0.0048474820669486204, "HP:0025238": 0.004653582784270676, "HP:0025248": 0.004474598831029496, "HP:0034193": 0.004308872948398774, "HP:0011368": 0.0048222809681955645, "HP:0000164": 0.0047928629518708445, "HP:0100872": 0.005010003531576621, "HP:0200041": 0.005889638764282439, "HP:0007490": 0.0060456100255664984, "HP:0010298": 0.005862409721761453, "HP:0030268": 0.0056899859064155275, "HP:0033802": 0.005527414880517941, "HP:0007502": 0.007716103006975912, "HP:0001072": 0.007760421632437786, "HP:0007427": 0.007619244589623543, "HP:0007530": 0.00742387934373576, "HP:0007589": 0.007238282360142366, "HP:0001596": 0.008679921545613943, "HP:0000982": 0.008611346311373554, "HP:0008392": 0.009405231229483474, "HP:0008401": 0.009191475974267942, "HP:0000972": 0.011927896603238482, "HP:0009719": 0.01169589506459076, "HP:0012513": 0.011447046233429254, "HP:0031446": 0.011208566103566145, "HP:0010765": 0.011251902272266023, "HP:0007556": 0.011324592176188808, "HP:0007440": 0.01170496092405329, "HP:0005585": 0.013272333516825257, "HP:0005590": 0.013021912129715346, "HP:0031045": 0.012780765608794693, "HP:0040036": 0.012548388052271152, "HP:0001592": 0.013215557685960083, "HP:0001609": 0.014274256713527032, "HP:0009803": 0.01462682775922334, "HP:0003341": 0.014588939987557134, "HP:0011362": 0.015916797060254596, "HP:0008066": 0.01645054741935377, "HP:0030318": 0.01692971249202952, "HP:0030350": 0.01666098689691794, "HP:0033804": 0.016400658976653597, "HP:0010624": 0.016510834650232436, "HP:0008069": 0.016986982377000755, "HP:0009723": 0.018756996772987387, "HP:0033801": 0.01848115858514934, "HP:0045059": 0.018213315707103696, "HP:0100267": 0.0179531254827165, "HP:0200097": 0.017700264560424717, "HP:0040211": 0.01876351220375856, "HP:0011843": 0.01941986740785023, "HP:0009123": 0.02002501651781051, "HP:0001991": 0.021500245908962642, "HP:0009767": 0.02167344007414532, "HP:0001615": 0.02240148133082918, "HP:0007410": 0.022114282852228807, "HP:0010863": 0.021834355221187936, "HP:0006089": 0.024822281387760138, "HP:0010185": 0.02451583346939273, "HP:0030766": 0.024216859890497697, "HP:0006292": 0.02515254436193608, "HP:0100798": 0.026956338170296162, "HP:0001595": 0.027548169984969305, "HP:0001056": 0.029772560645009556, "HP:0001818": 0.02943034730426232, "HP:0001798": 0.029442530788995516, "HP:0010760": 0.029111715836310174, "HP:0011329": 0.02987652207134659, "HP:0001061": 0.029732273049547894, "HP:0001802": 0.031238945996622604, "HP:0010012": 0.03090304335149763, "HP:0006483": 0.030657855530528865, "HP:0011830": 0.030754328271218975, "HP:0001806": 0.03338373511869895, "HP:0003031": 0.033039572900980405, "HP:0010013": 0.03270243440199081, "HP:0006934": 0.03588772900542326, "HP:0100276": 0.037384653698337426, "HP:0001810": 0.03879209689938433, "HP:0002046": 0.03841178222390017, "HP:0006739": 0.038038852299396284, "HP:0100871": 0.03868319918230642, "HP:0008388": 0.0386128708476053, "HP:0000971": 0.04056667912327663, "HP:0002780": 0.04391555097499245, "HP:0100803": 0.043508925503001776, "HP:0001837": 0.045748552102994396, "HP:0006335": 0.046496095275731474, "HP:0010182": 0.046077211534508666, "HP:0011356": 0.04875481691379235, "HP:0003103": 0.048786933697874714, "HP:0011304": 0.04835897813912143, "HP:0003889": 0.04896325548450948, "HP:0003890": 0.0485411584544706, "HP:0003926": 0.04812627675827855, "HP:0006355": 0.04771842695524228, "HP:0007438": 0.047317431770744454, "HP:0007494": 0.046923119839321584, "HP:0008744": 0.046535325460484216, "HP:0009094": 0.04615388836654582, "HP:0009244": 0.04577865350177715, "HP:0009648": 0.045409470812246694, "HP:0009657": 0.045046195045748715, "HP:0009693": 0.04468868556125865, "HP:0010707": 0.04433680614739047, "HP:0010752": 0.04399042484936398, "HP:0012555": 0.04364941380402008, "HP:0012788": 0.04331364908245069, "HP:0030004": 0.04298301053983656, "HP:0031180": 0.04265738167211053, "HP:0032495": 0.04233664947908714, "HP:0032497": 0.04202070433372082, "HP:0032527": 0.04170943985717474, "HP:0034194": 0.04140275279940139, "HP:0100499": 0.04110054292495321, "HP:0200161": 0.0408027129037579, "HP:0001965": 0.04198493741627226, "HP:0020073": 0.04282458148168842, "HP:0010719": 0.04281177360026476, "HP:0011138": 0.04355267431450265, "HP:0002745": 0.04517811479647463, "HP:0025125": 0.044864377888165774, "HP:0001608": 0.04612501582927999, "HP:0010173": 0.047546158852664125, "HP:0009381": 0.047254837940170935, "HP:0000235": 0.047765097504885966}}