{"GO:0031424": 0.4418899363121722, "GO:0045095": 0.6, "GO:0009913": 0.2318295521551551, "GO:0043588": 0.1764851029948535, "GO:0030216": 0.3271697046735995, "GO:0008544": 0.1588216173203293, "GO:0016213": 0.5384615384615384, "GO:0043651": 0.5263157894736842, "GO:0001951": 0.4210526315789473, "GO:0016215": 0.3663102754452978, "GO:0060687": 0.3684210526315789, "GO:0097070": 0.5789473684210527, "GO:0106001": 0.343692172687245, "GO:0005882": 0.4196495209560411, "GO:0099513": 0.2565793347650101, "GO:0060526": 0.5400876999370995, "GO:0060527": 0.631578947368421, "GO:1903598": 0.4210526315789473, "GO:0072330": 0.2301488577749683, "GO:0060429": 0.0957119318455269, "GO:0030280": 0.2307692307692307, "GO:0048145": 0.2485991638614596, "GO:0016717": 0.2131423888819566, "GO:0045111": 0.3388337604275668, "GO:0033559": 0.3386244383220854, "GO:1903596": 0.3292267052349742, "GO:0005737": 0.0435352014095803, "GO:0005200": 0.1968482664675856, "GO:0060442": 0.5012280314531462, "GO:0090179": 0.6842105263157895}