{"GO:1905818": 0.2749423976568022, "GO:0051983": 0.2148682258330007, "GO:1903047": 0.1377819067221557, "GO:0098813": 0.1802967450150937, "GO:0000278": 0.1090685387047818, "GO:1902099": 0.3225060134251264, "GO:0140014": 0.2686572370993635, "GO:0007059": 0.1484891405687073, "GO:0010564": 0.1337415081703902, "GO:0033045": 0.2584104348542069, "GO:0051726": 0.1088127272863648, "GO:0090068": 0.1994513357984612, "GO:0033044": 0.1841609476071907, "GO:0000070": 0.327908655516822, "GO:0022402": 0.0854882961514418, "GO:0030071": 0.4143319397690994, "GO:0000819": 0.24590932685136, "GO:0031262": 0.8, "GO:0010965": 0.3526321241038472, "GO:0051383": 0.3189632927429112, "GO:0051276": 0.1636028080571727, "GO:1905820": 0.363694093018283, "GO:0000775": 0.3432596813905101, "GO:0051301": 0.0825579448965216, "GO:0045787": 0.166942081764209, "GO:0000280": 0.1950412555697758, "GO:0000779": 0.4288402455258224, "GO:0000793": 0.2816722497329363, "GO:0048285": 0.1646758875568873, "GO:0060429": 0.0957119318455269, "GO:0000940": 0.637489081503067, "GO:0007049": 0.0634034322317944, "GO:0051984": 0.3232836382384738, "GO:1901987": 0.2034194474124349, "GO:0007094": 0.6842105263157895, "GO:0071173": 0.5012280314531462, "GO:0071174": 0.517356251083531, "GO:0031577": 0.4203348754265391, "GO:0000796": 0.4666666666666667, "GO:1905821": 0.4418899363121722, "GO:0030554": 0.3524441826002564, "GO:0007088": 0.3232836382384738, "GO:0005524": 0.6923076923076923, "GO:0007052": 0.3597029297309655, "GO:0033046": 0.3914972039451091, "GO:0033048": 0.4442891021910478, "GO:0045841": 0.589186581749563, "GO:2000816": 0.5012280314531462, "GO:0051985": 0.3055344854324268, "GO:1902100": 0.4143319397690994, "GO:1905819": 0.3597029297309655, "GO:0030855": 0.1481935751655371, "GO:0007051": 0.2727379236515039, "GO:0033047": 0.3225060134251264, "GO:0051347": 0.1905859407843952, "GO:1903429": 0.2581443035143307, "GO:1902850": 0.3080063232619925, "GO:0000776": 0.4840482291822382, "GO:0043651": 0.5263157894736842, "GO:0032559": 0.4431857481915369, "GO:0050000": 0.1338489159807888, "GO:0045786": 0.1631839024950684, "GO:0000226": 0.1970316810852741, "GO:0045839": 0.4232914781592526, "GO:0008608": 0.2862734915893996, "GO:0051310": 0.2718080241371288, "GO:0060623": 0.3479975146178747, "GO:0051783": 0.2436788360620599, "GO:1901990": 0.2760910042343271, "GO:0045927": 0.1605797642642, "GO:0009913": 0.2318295521551551, "GO:0005819": 0.3316917170454803, "GO:0048732": 0.1312539510799537, "GO:0060512": 0.3494674596048799, "GO:0043588": 0.1764851029948535, "GO:0098687": 0.2708932658572458, "GO:0051338": 0.1327359397418038, "GO:0051128": 0.08509551875044, "GO:0030850": 0.2810392306872686, "GO:0051784": 0.3232836382384738, "GO:0051303": 0.1843887882245219, "GO:0048513": 0.0541918193655209, "GO:0022612": 0.1825629392224154, "GO:0002009": 0.1382706068612045, "GO:0007080": 0.4203348754265391, "GO:0006996": 0.0911194194631036, "GO:0007010": 0.1492302719984674, "GO:0033674": 0.3436779970710027, "GO:0040008": 0.103992056863098, "GO:0045604": 0.2828731834586646, "GO:0060745": 0.4909888181246358, "GO:1903431": 0.3417123540604362, "GO:0032355": 0.2945932908747815, "GO:0048863": 0.1661526262432316, "GO:0061180": 0.2495405499142139, "GO:0051233": 0.5215819757752367, "GO:0043549": 0.2662722928424845, "GO:1901988": 0.262372076541925, "GO:0007346": 0.1806629724800626, "GO:0008150": 0.0004809209957919, "GO:0036094": 0.1016200803744218, "GO:0031424": 0.4418899363121722, "GO:0008017": 0.3936965329351713, "GO:0010948": 0.1942210761733922, "GO:0014041": 0.3479975146178747, "GO:0008544": 0.1588216173203293, "GO:0045132": 0.2924428669865427, "GO:0042127": 0.1183230997380328, "GO:0060444": 0.3680659177577995, "GO:0060749": 0.3927910544997086, "GO:0061377": 0.3292267052349742, "GO:0048145": 0.2485991638614596, "GO:0005694": 0.1460073374674943, "GO:0045682": 0.1959067356132484, "GO:0050793": 0.0588843158108656, "GO:0030216": 0.3271697046735995, "GO:0140657": 0.0663898842090632, "GO:0016887": 0.6153846153846154, "GO:0001655": 0.207954681264891, "GO:0065009": 0.0545647294665219, "GO:0048639": 0.2045534427386279, "GO:0051130": 0.1400727187110147, "GO:0017076": 0.2763492764953931, "GO:0016213": 0.5384615384615384, "GO:0036501": 0.3333333333333333, "GO:0048817": 0.3645294774204699, "GO:0034508": 0.3645294774204699, "GO:0048729": 0.1072502819760858, "GO:0000166": 0.2163053175407009, "GO:1901265": 0.1720084504857271, "GO:1901991": 0.341104471578046, "GO:0060740": 0.399669921923295, "GO:0042327": 0.2961143813026785, "GO:0050896": 0.0227523534487934, "GO:0035639": 0.3189803512673337, "GO:0036109": 0.5263157894736842, "GO:0060525": 0.3844263983179907, "GO:0005496": 0.2040080748180784, "GO:0033559": 0.3386244383220854, "GO:0006629": 0.0760619735681918, "GO:0008284": 0.1755828745970147, "GO:0045930": 0.2395971057773346, "GO:0007017": 0.0761384577274704, "GO:0003777": 0.2038875025660265, "GO:0019372": 0.4418899363121722, "GO:0034056": 0.8461538461538461, "GO:0072686": 0.4431639515504734, "GO:0050790": 0.0828769255658144, "GO:0001822": 0.1532689233787538, "GO:0045606": 0.3762590916971134, "GO:0043583": 0.1938078261406552, "GO:0033148": 0.4736842105263157, "GO:2001251": 0.2706465505151221, "GO:0072001": 0.1282324442271628, "GO:1901989": 0.2932096366851302, "GO:0046777": 0.3271697046735995, "GO:0044093": 0.0945202662539046, "GO:0032555": 0.3546834450869958, "GO:0098590": 0.1615977136224368, "GO:0016043": 0.057116462348341, "GO:0006633": 0.3044773693295124, "GO:0060688": 0.2098085596370653, "GO:0060562": 0.1835545381213677, "GO:0014042": 0.4418899363121722, "GO:0060480": 0.5789473684210527, "GO:0060748": 0.5789473684210527, "GO:1902102": 0.3882971773387555, "GO:1905132": 0.3386244383220854, "GO:0032553": 0.2934873453504863, "GO:0051094": 0.1039882112007915, "GO:0009653": 0.059542392435306, "GO:0006631": 0.2283036181384482, "GO:0048638": 0.1397133628882753, "GO:0033145": 0.3645294774204699, "GO:0051315": 0.517356251083531, "GO:0051382": 0.4418899363121722, "GO:0007169": 0.2439433607199627, "GO:0065008": 0.048537876981416, "GO:0140013": 0.2399131356063177, "GO:0044815": 0.1264546602753773, "GO:0060603": 0.2914743604593973, "GO:0005875": 0.3535712057921327, "GO:0048839": 0.2303111854576388, "GO:0042325": 0.2216592232122315, "GO:0097367": 0.1188315268123313, "GO:0003682": 0.179887784316763, "GO:0008283": 0.0773501658727423, "GO:0045664": 0.1837622940336714, "GO:0007143": 0.3680659177577995, "GO:0045684": 0.2733971080653524, "GO:0008610": 0.1193850460266919, "GO:0009888": 0.066121406376088, "GO:0005856": 0.1339466907477328, "GO:0032465": 0.2350750824619431, "GO:0071840": 0.0418552043865873, "GO:0043085": 0.1308256548941831, "GO:0033043": 0.1281000646791932, "GO:0000075": 0.31330136065122, "GO:0051656": 0.1092096217491623, "GO:0010562": 0.2013802505530972, "GO:0045937": 0.2320815815395885, "GO:0021761": 0.3643429505742467, "GO:0060341": 0.1111878640432195, "GO:0030307": 0.256558432099489, "GO:0018108": 0.4100956620980286, "GO:0045171": 0.153700854923433, "GO:0005154": 0.4276174972368164, "GO:0051154": 0.3314655518152795, "GO:0072330": 0.2301488577749682, "GO:0035239": 0.1439197069836142, "GO:0008289": 0.1183321461429331, "GO:0007093": 0.3762493759134283, "GO:0061138": 0.2211804469070262, "GO:0018212": 0.2784900983566399, "GO:0048519": 0.0456921982732245, "GO:0065007": 0.00976853942018, "GO:0007076": 0.4703238646213918, "GO:1902101": 0.4271404425755452, "GO:0001951": 0.4210526315789473, "GO:0007057": 0.631578947368421, "GO:0007079": 0.5263157894736842, "GO:0016215": 0.3663102754452978, "GO:0038160": 0.5263157894736842, "GO:0060481": 0.4418899363121722, "GO:0060750": 0.5789473684210527, "GO:0004714": 0.4232595519986207, "GO:0045616": 0.3762590916971134, "GO:0021766": 0.5467942161307049, "GO:0048469": 0.1905859407843952, "GO:0005829": 0.1590710572783038, "GO:0015630": 0.2067281983871449, "GO:0050789": 0.0157695476403886, "GO:0002067": 0.2882107921783878, "GO:0022414": 0.0557073916714722, "GO:0030261": 0.2989983098028816, "GO:0071392": 0.3684210526315789,