{"GO": {"GO:1905818": 6.58465248382777e-10, "GO:0051983": 5.665323504811814e-09, "GO:1903047": 4.242854519091297e-08, "GO:0098813": 3.3364287153550684e-08, "GO:0000278": 4.08641810067311e-08, "GO:1902099": 7.358451274045764e-07, "GO:0140014": 6.328690268994972e-07, "GO:0007059": 7.750136290227949e-07, "GO:0010564": 8.827232417609751e-07, "GO:0033045": 1.6852311521175698e-06, "GO:0051726": 2.469588867028361e-06, "GO:0090068": 2.6324510904808e-06, "GO:0033044": 2.7467848120238754e-06, "GO:0000070": 2.8680654159285553e-06, "GO:0022402": 2.719726269271656e-06, "GO:0030071": 2.854015077486977e-06, "GO:0000819": 3.3803525168589384e-06, "GO:0031262": 5.706648331051887e-06, "GO:0010965": 7.311928970085197e-06, "GO:0051383": 7.783672896840592e-06, "GO:0051276": 9.790723764527648e-06, "GO:1905820": 1.1942383086347605e-05, "GO:0000775": 1.146789480023598e-05, "GO:0051301": 1.528984460385456e-05, "GO:0045787": 1.4888873728720505e-05, "GO:0000280": 1.888567946459833e-05, "GO:0000779": 2.3929318942520852e-05, "GO:0000793": 2.4761502616562542e-05, "GO:0048285": 5.6606518025995655e-05, "GO:0060429": 6.310543471791558e-05, "GO:0000940": 7.120272389826264e-05, "GO:0007049": 0.00011647598869803892, "GO:0051984": 0.00012868149183693024, "GO:1901987": 0.00013916846695360532, "GO:0007094": 0.00015146249441084494, "GO:0071173": 0.00014725520289943258, "GO:0071174": 0.00014327533255079926, "GO:0031577": 0.0001726526585131463, "GO:0000796": 0.00017755494756438895, "GO:1905821": 0.00017311607387527923, "GO:0030554": 0.0001713638632766599, "GO:0007088": 0.00017321709570778873, "GO:0005524": 0.00017554597153246533, "GO:0007052": 0.00019879796410138132, "GO:0033046": 0.0002181184071316785, "GO:0033048": 0.00021337670262881593, "GO:0045841": 0.00020883677278564963, "GO:2000816": 0.0002044860066859486, "GO:0051985": 0.00024240126149835934, "GO:1902100": 0.00023755323626839213, "GO:1905819": 0.00023289532967489426, "GO:0030855": 0.00029303323729450034, "GO:0007051": 0.0002907226199530006, "GO:0033047": 0.0002918954503285431, "GO:0051347": 0.0002907417191860496, "GO:1903429": 0.00028791766317444906, "GO:1902850": 0.00031076690583601397, "GO:0000776": 0.00031929565444280684, "GO:0043651": 0.000355203262938778, "GO:0032559": 0.0003894006146030299, "GO:0050000": 0.00038917332927410086, "GO:0045786": 0.00038908977622609134, "GO:0000226": 0.0004924531339029007, "GO:0045839": 0.0005999034552888965, "GO:0008608": 0.0006540763776980901, "GO:0051310": 0.0006957691088739493, "GO:0060623": 0.0007038798401364678, "GO:0051783": 0.000696125334253459, "GO:1901990": 0.0007181928527557187, "GO:0045927": 0.0007514729461854853, "GO:0009913": 0.0007642441453704108, "GO:0005819": 0.0008223599154648984, "GO:0048732": 0.0008110947111434614, "GO:0060512": 0.0008720273711909938, "GO:0043588": 0.0009034832349225725, "GO:0098687": 0.0009247496548442823, "GO:0051338": 0.0009901981288372413, "GO:0051128": 0.0010699843392741448, "GO:0030850": 0.001268185466786072, "GO:0051784": 0.001252333148451246, "GO:0051303": 0.0014000025262708837, "GO:0048513": 0.001517083018482431, "GO:0022612": 0.002040798125681086, "GO:0002009": 0.002142893481035386, "GO:0007080": 0.002126552360308288, "GO:0006996": 0.0021622948083832062, "GO:0007010": 0.002246776367215488, "GO:0033674": 0.0022706401997546334, "GO:0040008": 0.0025689881260081314, "GO:0045604": 0.003078491412338919, "GO:0060745": 0.0032386549574665953, "GO:1903431": 0.0032034521861897844, "GO:0032355": 0.0035406068090349484, "GO:0048863": 0.003786131710374613, "GO:0061180": 0.003928695979955804, "GO:0051233": 0.004003258649277682, "GO:0043549": 0.0039718874195678044, "GO:1901988": 0.004025532709273524, "GO:0007346": 0.004211129733969742, "GO:0008150": 0.004185684235718258, "GO:0036094": 0.004400430495934413, "GO:0031424": 0.0044207021161379945, "GO:0008017": 0.0044605344358286435, "GO:0010948": 0.004417644681637983, "GO:0014041": 0.004451365486039331, "GO:0008544": 0.004479357750672681, "GO:0045132": 0.004580827631859284, "GO:0042127": 0.004760867601959684, "GO:0060444": 0.00480779637644222, "GO:0060749": 0.0047640891366563815, "GO:0061377": 0.004721169414704522, "GO:0048145": 0.004697939247087922, "GO:0005694": 0.0047766703339951295, "GO:0045682": 0.004745193513235771, "GO:0050793": 0.004838154018093614, "GO:0030216": 0.004874194463292125, "GO:0140657": 0.004858053606039658, "GO:0016887": 0.0048488251596627155, "GO:0001655": 0.004966655289551824, "GO:0065009": 0.005388478307485899, "GO:0048639": 0.005423021749773083, "GO:0051130": 0.005528083727265173, "GO:0017076": 0.005888183224022578, "GO:0016213": 0.005947881764298947, "GO:0036501": 0.005900298710184556, "GO:0048817": 0.005853470942643409, "GO:0034508": 0.005991877575015073, "GO:0048729": 0.0063472716002817495, "GO:0000166": 0.0063363594954808115, "GO:1901265": 0.0063300775358293305, "GO:1901991": 0.006630671172593644, "GO:0060740": 0.006853478405471383, "GO:0042327": 0.006887291627254188, "GO:0050896": 0.007197619521280786, "GO:0035639": 0.007286410238766086, "GO:0036109": 0.0072352959592505055, "GO:0060525": 0.007182483579985903, "GO:0005496": 0.007859088549377377, "GO:0033559": 0.007802548343986173, "GO:0006629": 0.007767916227887249, "GO:0008284": 0.00818805466001528, "GO:0045930": 0.008444916627239658, "GO:0007017": 0.008506374402531068, "GO:0003777": 0.008525344008788458, "GO:0019372": 0.009248959008990164, "GO:0034056": 0.009185609974682013, "GO:0072686": 0.009176082896731566, "GO:0050790": 0.009115344160235525, "GO:0001822": 0.009441423133405373, "GO:0045606": 0.009685483156749754, "GO:0043583": 0.010696675293604598, "GO:0033148": 0.011660605868256905, "GO:2001251": 0.012347974684939774, "GO:0072001": 0.012293308667049387, "GO:1901989": 0.012498375825668756, "GO:0046777": 0.0125146049834214, "GO:0044093": 0.012533127216722654, "GO:0032555": 0.012728080408016694, "GO:0098590": 0.012837789908717943, "GO:0016043": 0.01275921739252718, "GO:0006633": 0.012706781964061113, "GO:0060688": 0.01337859954463955, "GO:0060562": 0.013407889819480115, "GO:0014042": 0.013385142094344146, "GO:0060480": 0.01330402002104509, "GO:0060748": 0.013223875322123133, "GO:1902102": 0.013144690439954731, "GO:1905132": 0.013066448234955, "GO:0032553": 0.013225695002625534, "GO:0051094": 0.013167217712136938, "GO:0009653": 0.013140588960282765, "GO:0006631": 0.013071555135744038, "GO:0048638": 0.012995997013572107, "GO:0033145": 0.013125809142513484, "GO:0051315": 0.013050804518841979, "GO:0051382": 0.012976652220439467, "GO:0007169": 0.013212196081523294, "GO:0065008": 0.013424835919893532, "GO:0140013": 0.01356865440818066, "GO:0044815": 0.013940302003495482, "GO:0060603": 0.013863283760382247, "GO:0005875": 0.0139444287913522, "GO:0048839": 0.014001759033351328, "GO:0042325": 0.013983928634619414, "GO:0097367": 0.013935697127894274, "GO:0003682": 0.014206485505571156, "GO:0008283": 0.014152275066719667, "GO:0045664": 0.014154372234323235, "GO:0007143": 0.015032250961115712, "GO:0045684": 0.01495313385079405, "GO:0008610": 0.014966703145257181, "GO:0009888": 0.015103535537088951, "GO:0005856": 0.01532645803964301, "GO:0032465": 0.015372794682576504, "GO:0071840": 0.01580867848007905, "GO:0043085": 0.016270864326056983, "GO:0033043": 0.016286814984098643, "GO:0000075": 0.016560490464546388, "GO:0051656": 0.016750863021423423, "GO:0010562": 0.016691008821823127, "GO:0045937": 0.016607968976938434, "GO:0021761": 0.01694131532749656, "GO:0060341": 0.01730582384569945, "GO:0030307": 0.017458836079277774, "GO:0018108": 0.017457293562317733, "GO:0045171": 0.017372549418811334, "GO:0005154": 0.01737368925465852, "GO:0051154": 0.017290161902472664, "GO:0072330": 0.017751688994267222, "GO:0035239": 0.01804620710935234, "GO:0008289": 0.018166647695836976, "GO:0007093": 0.01864834151210429, "GO:0061138": 0.018882971559874007, "GO:0018212": 0.01880822796157816, "GO:0048519": 0.018727568417317368, "GO:0065007": 0.018897700200330176, "GO:0007076": 0.020070235573766363, "GO:1902101": 0.01997817027296927, "GO:0001951": 0.019889211599366307,