{"GO:0006629": 0.0760619735681918, "GO:0045604": 0.2828731834586646, "GO:0007169": 0.2439433607199627, "GO:0004714": 0.4232595519986206, "GO:0045682": 0.1959067356132484, "GO:0005215": 0.0400594654109075, "GO:0005886": 0.0743725716893611, "GO:0006796": 0.0952521285294568, "GO:0006793": 0.0745332815237366, "GO:0045606": 0.3762590916971134, "GO:0030554": 0.3524441826002564, "GO:0004713": 0.3646379555453708, "GO:0019199": 0.3424019029089006, "GO:0036094": 0.1016200803744219, "GO:0010976": 0.3437262961114801, "GO:0071944": 0.044889577143944, "GO:0015079": 0.3224074892446252, "GO:0045684": 0.2733971080653524, "GO:0018108": 0.4100956620980286, "GO:0071805": 0.4100956620980286, "GO:0018212": 0.2784900983566399, "GO:0045616": 0.3762590916971134, "GO:0006813": 0.3554312817528382, "GO:0042626": 0.2315082007793771, "GO:0016020": 0.0379135059344424, "GO:0019637": 0.0970303132358598, "GO:0044255": 0.1014072283274125, "GO:0006643": 0.1765336131784751, "GO:1990573": 0.5263157894736842, "GO:0005524": 0.6923076923076923, "GO:0060052": 0.4210526315789473, "GO:0019372": 0.4418899363121722, "GO:0045177": 0.1198817487930008, "GO:0005267": 0.3979577957893433, "GO:0006869": 0.1712277136038362, "GO:0032559": 0.4431857481915369, "GO:0007167": 0.1953188930212418, "GO:0031346": 0.2342356029663804, "GO:0017076": 0.2763492764953931}