{"GO": {"GO:0000278": 3.996096900612649e-18, "GO:1903047": 7.407951712925019e-18, "GO:0098813": 8.784753800474786e-16, "GO:0022402": 9.293266240440884e-16, "GO:1905818": 9.891017837541205e-15, "GO:0007059": 1.290373933640467e-14, "GO:0051983": 1.3887985825335153e-14, "GO:0007049": 2.017573734547202e-14, "GO:0010564": 5.220939738762142e-14, "GO:0051276": 8.307579105676472e-14, "GO:0140014": 3.388158909507941e-13, "GO:0033044": 1.052633793529576e-11, "GO:0000280": 9.919126785389303e-12, "GO:0000775": 1.0236431756732961e-11, "GO:0000070": 1.4523465448545299e-11, "GO:0000819": 2.001263789365119e-11, "GO:0000793": 2.5028812805043465e-11, "GO:0048285": 2.858003486348798e-11, "GO:0051301": 6.397347117001425e-11, "GO:0051726": 6.254507018903537e-11, "GO:0030071": 6.49698680811276e-11, "GO:1902099": 7.97497039647378e-11, "GO:0090068": 8.417970874021301e-11, "GO:0000779": 1.8437182047488209e-10, "GO:0033045": 2.5322270733014926e-10, "GO:0010965": 9.36964939796165e-10, "GO:1901987": 1.8597114005149708e-09, "GO:0098687": 3.3053172047987476e-09, "GO:0045787": 3.881601500117627e-09, "GO:1901990": 4.273191473757139e-09, "GO:0051383": 1.2353250621962906e-08, "GO:0007088": 2.1908835050384956e-08, "GO:0000776": 2.669930041468255e-08, "GO:0031262": 4.589349277419643e-08, "GO:1902850": 5.271699506409213e-08, "GO:0007052": 5.336266962913067e-08, "GO:0051783": 1.4684928544153572e-07, "GO:0051984": 2.941120076216168e-07, "GO:0050000": 3.227494948322583e-07, "GO:0007051": 3.1495625079705976e-07, "GO:0000940": 3.370064168219115e-07, "GO:0007094": 3.3423596777810875e-07, "GO:0071173": 3.2646303829489694e-07, "GO:0071174": 3.1904342378819476e-07, "GO:0031577": 3.884507706112617e-07, "GO:1905820": 3.8000618864145166e-07, "GO:0033047": 3.9564165789556327e-07, "GO:0033046": 5.515409628082579e-07, "GO:0033048": 5.402850247917628e-07, "GO:0045841": 5.294793242959276e-07, "GO:2000816": 5.190973767607133e-07, "GO:0007346": 5.903181108253151e-07, "GO:0051985": 6.081763053483558e-07, "GO:1902100": 5.969137811752382e-07, "GO:1905819": 5.860608033356884e-07, "GO:0005819": 6.108853223607616e-07, "GO:0051310": 1.0052801210454579e-06, "GO:0005694": 1.076650499728274e-06, "GO:0000226": 1.6010100560118276e-06, "GO:0000796": 1.7939356461866168e-06, "GO:1905821": 1.7645268651015903e-06, "GO:0045839": 1.7540665093305587e-06, "GO:0051303": 2.375501045567976e-06, "GO:0008017": 2.825116554113185e-06, "GO:0010948": 2.781653222511444e-06, "GO:0006996": 3.208928700702142e-06, "GO:0033043": 3.2537965217501333e-06, "GO:0008608": 4.154337700698391e-06, "GO:0051784": 4.292441473541327e-06, "GO:1901991": 4.316933053775718e-06, "GO:1901988": 4.807542072682932e-06, "GO:0007017": 6.074755453552432e-06, "GO:0007080": 7.5466875776372e-06, "GO:0045132": 9.77454554885542e-06, "GO:0060623": 1.0000846947452808e-05, "GO:0140013": 2.6657665053297124e-05, "GO:0045930": 3.153052166274213e-05, "GO:0051347": 3.407366234478544e-05, "GO:0045786": 3.365847297660291e-05, "GO:0051233": 3.4482592969743436e-05, "GO:0000075": 3.5277200309337254e-05, "GO:1903046": 6.052039094984111e-05, "GO:0051321": 5.989605767470846e-05, "GO:0015631": 6.069858362194233e-05, "GO:0051656": 7.005145528568172e-05, "GO:2001251": 7.88767672366735e-05, "GO:0007093": 8.373449860458016e-05, "GO:0034508": 0.00014645462664531958, "GO:0051640": 0.00020227269839823207, "GO:0043232": 0.00034057469522463097, "GO:0043228": 0.0003373170792444916, "GO:0007010": 0.0003629988997147921, "GO:0044815": 0.0004782237423377098, "GO:1901989": 0.0005201548214746329, "GO:0000228": 0.0005170873005832526, "GO:0015630": 0.0005123544917992862, "GO:0007143": 0.0005220910275888832, "GO:0072686": 0.000678940271777982, "GO:0003777": 0.0008385491710249856, "GO:0033674": 0.0008886822098349096, "GO:0030261": 0.0009042305626414057, "GO:0051315": 0.000912391120624322, "GO:0051382": 0.0009035329544046683, "GO:0051338": 0.0009331905876527717, "GO:0072698": 0.0009685653657375245, "GO:0099080": 0.001070185316537706, "GO:0051128": 0.0011300850296475406, "GO:0006261": 0.0011577138309218206, "GO:0044380": 0.0013942716533171728, "GO:0030496": 0.00151286879247206, "GO:0007076": 0.0016246362113564693, "GO:0005871": 0.001633730332377207, "GO:0032465": 0.0016222083928219783, "GO:0007292": 0.0018609527530788028, "GO:0045171": 0.001878524482321723, "GO:0031401": 0.002172060568147016, "GO:0005875": 0.0024464143392886567, "GO:1903429": 0.003068215221926007, "GO:0007057": 0.003601702535743629, "GO:0007079": 0.0035716883479457655, "GO:0038160": 0.0035421702624255525, "GO:0010638": 0.0035814605173677167, "GO:0000922": 0.004029873079408681, "GO:0042327": 0.004549212443555768, "GO:0061180": 0.004646327215928702, "GO:0044770": 0.004614423857959905, "GO:0051302": 0.004578089811834237, "GO:0051247": 0.005140851486506482, "GO:0038159": 0.00552021067233609, "GO:0046668": 0.00547774751331812, "GO:0005654": 0.005569174141376248, "GO:0045931": 0.006187752875093793, "GO:0045860": 0.00617220979159095, "GO:0003774": 0.006338951717078297, "GO:0006270": 0.00749602151083373, "GO:0007056": 0.007829607670079867, "GO:0010032": 0.0077724572491303795, "GO:0016321": 0.007716135095151173, "GO:0043515": 0.007660623331876705, "GO:0006260": 0.007696969877385919, "GO:0005874": 0.007752407607578034, "GO:0001934": 0.007706870574603615, "GO:0005721": 0.00870969697195141, "GO:0010562": 0.008951133891246186, "GO:0045937": 0.008889401933375523, "GO:0043549": 0.009040372670742178, "GO:0072028": 0.008978956173123187, "GO:0005524": 0.009524846364947177, "GO:0038001": 0.00997386398894791, "GO:0038146": 0.009907371562354923, "GO:0051305": 0.009841759830153897, "GO:1903431": 0.009777011410218674, "GO:0005829": 0.010399258392666519, "GO:0043085": 0.010363008404184477, "GO:0016043": 0.01075840930423807, "GO:0008283": 0.011560752278480276, "GO:0006836": 0.01179384229860635, "GO:0031981": 0.011749675006757703, "GO:0016248": 0.012411137526422608, "GO:0051641": 0.012513663329431083, "GO:0000794": 0.012749831918569161, "GO:0050794": 0.013067654427738115, "GO:0065007": 0.013549531444400647, "GO:0032559": 0.013567867179013633, "GO:0071459": 0.014100438007697502, "GO:0090218": 0.01401549561006077, "GO:0140694": 0.01475022049797436, "GO:0031399": 0.01473481377785268, "GO:0097431": 0.014895122268479458, "GO:0090306": 0.014892614919098223, "GO:0040007": 0.014936391622050581, "GO:0048589": 0.014849552135875868, "GO:0050789": 0.015063618167483608, "GO:0034502": 0.01538915999156351, "GO:1901992": 0.015301221934468862, "GO:0006259": 0.015574430809384403, "GO:0048732": 0.015600645662221732, "GO:0060993": 0.016364559390320027, "GO:0005856": 0.016798179833913428, "GO:0031055": 0.017526758008293824, "GO:0034080": 0.01742992509112093, "GO:0048639": 0.017487178880375105, "GO:0044772": 0.018905153607083804, "GO:0010639": 0.018849281351663347, "GO:0051294": 0.019564586042502833, "GO:0007144": 0.020665980136262606, "GO:0071162": 0.02055546687350184, "GO:0045840": 0.021984561162631675, "GO:0042542": 0.022808550798691773, "GO:0010389": 0.023538579972134682, "GO:0071840": 0.023500752729698936, "GO:0016446": 0.02394937199412915, "GO:0051716": 0.02579248905648128, "GO:0023052": 0.025711854791301534, "GO:0000302": 0.0262599823270928, "GO:0002566": 0.02763984448457282, "GO:0031261": 0.027499540705463312, "GO:0140996": 0.027360654136243803, "GO:0030554": 0.02769896736260317, "GO:0097553": 0.028615572904609175, "GO:0048863": 0.028788130899844267, "GO:0007018": 0.029027813151118364, "GO:0090329": 0.0292680001228654, "GO:2001252": 0.03000399341613962, "GO:0099513": 0.03030686732571755, "GO:0001833": 0.03058562486041385, "GO:0031616": 0.0304378682185761, "GO:1902969": 0.0302915323136791, "GO:1904668": 0.030146596752369633, "GO:1990023": 0.0300030415297393, "GO:1902806": 0.030156599050098064, "GO:0051130": 0.030337933260878632, "GO:0045859": 0.03092850349917697, "GO:1902749": 0.032583740353452566, "GO:0044839": 0.03257592845921988, "GO:0051179": 0.0330249670039395, "GO:0000212": 0.03339791489850267, "GO:0045120": 0.03324471345401413, "GO:0045842": 0.03309291110947525,