{"GO:0000278": 0.1090685387047818, "GO:1903047": 0.1377819067221557, "GO:0098813": 0.1802967450150937, "GO:0022402": 0.0854882961514418, "GO:1905818": 0.2749423976568022, "GO:0007059": 0.1484891405687073, "GO:0051983": 0.2148682258330007, "GO:0007049": 0.0634034322317944, "GO:0010564": 0.1337415081703902, "GO:0051276": 0.1636028080571727, "GO:0140014": 0.2686572370993635, "GO:0033044": 0.1841609476071907, "GO:0000280": 0.1950412555697758, "GO:0000775": 0.3432596813905102, "GO:0000070": 0.327908655516822, "GO:0000819": 0.24590932685136, "GO:0000793": 0.2816722497329363, "GO:0048285": 0.1646758875568872, "GO:0051301": 0.0825579448965216, "GO:0051726": 0.1088127272863648, "GO:0030071": 0.4143319397690994, "GO:1902099": 0.3225060134251264, "GO:0090068": 0.1994513357984612, "GO:0000779": 0.4288402455258224, "GO:0033045": 0.2584104348542069, "GO:0010965": 0.3526321241038472, "GO:1901987": 0.2034194474124349, "GO:0098687": 0.2708932658572458, "GO:0045787": 0.166942081764209, "GO:1901990": 0.2760910042343271, "GO:0051383": 0.3189632927429112, "GO:0007088": 0.3232836382384739, "GO:0000776": 0.4840482291822382, "GO:0031262": 0.8, "GO:1902850": 0.3080063232619925, "GO:0007052": 0.3597029297309655, "GO:0051783": 0.2436788360620599, "GO:0051984": 0.3232836382384739, "GO:0050000": 0.1338489159807888, "GO:0007051": 0.2727379236515039, "GO:0000940": 0.637489081503067, "GO:0007094": 0.6842105263157895, "GO:0071173": 0.5012280314531462, "GO:0071174": 0.517356251083531, "GO:0031577": 0.4203348754265391, "GO:1905820": 0.3636940930182831, "GO:0033047": 0.3225060134251264, "GO:0033046": 0.3914972039451091, "GO:0033048": 0.4442891021910478, "GO:0045841": 0.589186581749563, "GO:2000816": 0.5012280314531462, "GO:0007346": 0.1806629724800626, "GO:0051985": 0.3055344854324268, "GO:1902100": 0.4143319397690994, "GO:1905819": 0.3597029297309655, "GO:0005819": 0.3316917170454803, "GO:0051310": 0.2718080241371288, "GO:0005694": 0.1460073374674943, "GO:0000226": 0.1970316810852742, "GO:0000796": 0.4666666666666667, "GO:1905821": 0.4418899363121722, "GO:0045839": 0.4232914781592526, "GO:0051303": 0.1843887882245219, "GO:0008017": 0.3936965329351713, "GO:0010948": 0.1942210761733922, "GO:0006996": 0.0911194194631036, "GO:0033043": 0.1281000646791932, "GO:0008608": 0.2862734915893996, "GO:0051784": 0.3232836382384739, "GO:1901991": 0.341104471578046, "GO:1901988": 0.262372076541925, "GO:0007017": 0.0761384577274704, "GO:0007080": 0.4203348754265391, "GO:0045132": 0.2924428669865427, "GO:0060623": 0.3479975146178747, "GO:0140013": 0.2399131356063177, "GO:0045930": 0.2395971057773346, "GO:0051347": 0.1905859407843952, "GO:0045786": 0.1631839024950684, "GO:0051233": 0.5215819757752367, "GO:0000075": 0.31330136065122, "GO:1903046": 0.1321327631044218, "GO:0051321": 0.104212452723707, "GO:0015631": 0.2998129738612718, "GO:0051656": 0.1092096217491623, "GO:2001251": 0.2706465505151221, "GO:0007093": 0.3762493759134283, "GO:0034508": 0.3645294774204699, "GO:0051640": 0.075083569561148, "GO:0043232": 0.0757629941348611, "GO:0043228": 0.0594344240535716, "GO:0007010": 0.1492302719984674, "GO:0044815": 0.1264546602753773, "GO:1901989": 0.2932096366851302, "GO:0000228": 0.2877128150901999, "GO:0015630": 0.206728198387145, "GO:0007143": 0.3680659177577995, "GO:0072686": 0.4431639515504734, "GO:0003777": 0.2038875025660265, "GO:0033674": 0.3436779970710027, "GO:0030261": 0.2989983098028816, "GO:0051315": 0.517356251083531, "GO:0051382": 0.4418899363121722, "GO:0051338": 0.1327359397418038, "GO:0072698": 0.2810392306872686, "GO:0099080": 0.0843702214803316, "GO:0051128": 0.08509551875044, "GO:0006261": 0.2657764021561141, "GO:0044380": 0.235934792313853, "GO:0030496": 0.1835079117667698, "GO:0007076": 0.4703238646213918, "GO:0005871": 0.4851196709637048, "GO:0032465": 0.2350750824619431, "GO:0007292": 0.1723298014483268, "GO:0045171": 0.153700854923433, "GO:0031401": 0.2341104994626863, "GO:0005875": 0.3535712057921327, "GO:1903429": 0.2581443035143307, "GO:0007057": 0.631578947368421, "GO:0007079": 0.5263157894736842, "GO:0038160": 0.5263157894736842, "GO:0010638": 0.1916158144810007, "GO:0000922": 0.4721057110755463, "GO:0042327": 0.2961143813026785, "GO:0061180": 0.2495405499142139, "GO:0044770": 0.1801317451114923, "GO:0051302": 0.1575782964354802, "GO:0051247": 0.1788658810025163, "GO:0038159": 0.4418899363121722, "GO:0046668": 0.2989983098028816, "GO:0005654": 0.2684762097455184, "GO:0045931": 0.259803962406277, "GO:0045860": 0.3984886563992527, "GO:0003774": 0.1162851524063851, "GO:0006270": 0.4203348754265391, "GO:0007056": 0.517356251083531, "GO:0010032": 0.4210526315789473, "GO:0016321": 0.4703238646213918, "GO:0043515": 0.2307692307692307, "GO:0006260": 0.2349512063009199, "GO:0005874": 0.315453219531617, "GO:0001934": 0.3436779970710027, "GO:0005721": 0.5215819757752367, "GO:0010562": 0.2013802505530972, "GO:0045937": 0.2320815815395886, "GO:0043549": 0.2662722928424845, "GO:0072028": 0.2610917792320372, "GO:0005524": 0.6923076923076923, "GO:0038001": 0.3157894736842105, "GO:0038146": 0.4418899363121722, "GO:0051305": 0.2942344127985773, "GO:1903431": 0.3417123540604362, "GO:0005829": 0.1590710572783038, "GO:0043085": 0.1308256548941831, "GO:0016043": 0.057116462348341, "GO:0008283": 0.0773501658727423, "GO:0006836": 0.1645079896125991, "GO:0031981": 0.1923208827047068, "GO:0016248": 0.2360076991504296, "GO:0051641": 0.0548334501603275, "GO:0000794": 0.4067016467389415, "GO:0050794": 0.0285764003316935, "GO:0065007": 0.00976853942018, "GO:0032559": 0.4431857481915369, "GO:0071459": 0.3362679003412313, "GO:0090218": 0.4698544868330998, "GO:0140694": 0.2211804469070262, "GO:0031399": 0.1668869345366669, "GO:0097431": 0.6666666666666666, "GO:0090306": 0.4143319397690994, "GO:0040007": 0.0511045374292903, "GO:0048589": 0.0796415638450823, "GO:0050789": 0.0157695476403886, "GO:0034502": 0.2470791441927949, "GO:1901992": 0.3728987457921894, "GO:0006259": 0.1633043719484572, "GO:0048732": 0.1312539510799537, "GO:0060993": 0.2245160765287912, "GO:0005856": 0.1339466907477329, "GO:0031055": 0.343692172687245, "GO:0034080": 0.4736842105263157, "GO:0048639": 0.2045534427386279, "GO:0044772": 0.2329783064032533, "GO:0010639": 0.1958807350653385, "GO:0051294": 0.4100956620980286, "GO:0007144": 0.4909888181246358, "GO:0071162": 0.6666666666666666, "GO:0045840": 0.4100956620980286, "GO:0042542": 0.2453772785051996, "GO:0010389": 0.3728987457921894, "GO:0071840": 0.0418552043865873, "GO:0016446": 0.4418899363121722, "GO:0051716": 0.0433915687310928, "GO:0023052": 0.0695192683937538, "GO:0000302": 0.1821714752871233, "GO:0002566": 0.3762590916971134, "GO:0031261": 0.5215819757752367, "GO:0140996": 0.4720153983008593, "GO:0030554": 0.3524441826002564, "GO:0097553": 0.4041045477980923, "GO:0048863": 0.1661526262432315, "GO:0007018": 0.1197181274411695, "GO:0090329": 0.3033447329749539, "GO:2001252": 0.2658442019891704, "GO:0099513": 0.2565793347650101, "GO:0001833": 0.5789473684210527, "GO:0031616": 0.6666666666666666, "GO:1902969": 0.4583017281486402, "GO:1904668": 0.631578947368421, "GO:1990023": 0.6666666666666666, "GO:1902806": 0.319735937538636, "GO:0051130": 0.1400727187110146, "GO:0045859": 0.3176432346406587, "GO:1902749": 0.3080063232619925, "GO:0044839": 0.260998135963406, "GO:0051179": 0.0272446482538716, "GO:0000212": 0.3526321241038472, "GO:0045120": 0.4056748700474064, "GO:0045842": 0.517356251083531, "GO:0043550": 0.3736351594929511, "GO:1902808": 0.4232914781592526, "GO:0003697": 0.3540115487256445, "GO:0035556": 0.1664752081486219, "GO:0042325": 0.2216592232122315, "GO:0010766": 0.3680659177577995, "GO:1902101": 0.4271404425755452, "GO:0051293": 0.3417123540604362, "GO:0065004": 0.2415796287050362, "GO:0030879": 0.1943794246114211, "GO:0005634": 0.1072153986269746, "GO:0045178": 0.1573685703585154, "GO:0060644": 0.3479975146178747, "GO:0019900": 0.2667421536866661, "GO:0005813": 0.4721057110755463, "GO:0051785": 0.3232836382384739, "GO:0006275": 0.2667604840799964,