{"GO:0060429": 0.0957119318455269, "GO:0060512": 0.3494674596048799, "GO:0030850": 0.2810392306872686, "GO:0009888": 0.0661214063760881, "GO:0001655": 0.207954681264891, "GO:0030855": 0.1481935751655371, "GO:0048732": 0.1312539510799537, "GO:0040008": 0.103992056863098, "GO:0060480": 0.5789473684210527, "GO:0060740": 0.399669921923295, "GO:0060479": 0.3271697046735995, "GO:0060487": 0.3783013878838852, "GO:0048863": 0.1661526262432315, "GO:0060481": 0.4418899363121722, "GO:0014033": 0.2615446116450657, "GO:0010941": 0.1167272655925122, "GO:0022612": 0.1825629392224154, "GO:0060482": 0.3645294774204699, "GO:0051094": 0.1039882112007915, "GO:0009790": 0.1068051523493063, "GO:0060428": 0.3106377418710044, "GO:0048729": 0.1072502819760858, "GO:0045597": 0.1492302719984674, "GO:0045927": 0.1605797642642, "GO:0048513": 0.0541918193655209, "GO:0048565": 0.2267759953799913, "GO:0051093": 0.1025014797206358, "GO:0014041": 0.3479975146178747, "GO:0035295": 0.1053577778324626, "GO:0002009": 0.1382706068612045, "GO:0055123": 0.1932467163092736, "GO:0060688": 0.2098085596370653, "GO:0035239": 0.1439197069836142, "GO:0060548": 0.1723298014483268, "GO:0048608": 0.1704509242751515, "GO:0045785": 0.1814088540387088, "GO:0061458": 0.1459820362503788, "GO:0060433": 0.2942344127985773, "GO:0060525": 0.3844263983179907, "GO:0061140": 0.4556618467755874, "GO:0042306": 0.4703238646213918, "GO:0009887": 0.0972189375107408, "GO:0002162": 0.3076923076923077, "GO:0060742": 0.399860191971943, "GO:0002067": 0.2882107921783878, "GO:0048638": 0.1397133628882753, "GO:0048762": 0.1993831514918778, "GO:0033148": 0.4736842105263157, "GO:1904338": 0.2900323578383696, "GO:0033145": 0.3645294774204699, "GO:0033143": 0.2742694298585478, "GO:0010832": 0.4232914781592526, "GO:1900103": 0.4100956620980286, "GO:0045893": 0.3449201517183365, "GO:1903508": 0.3127856515967516, "GO:0050793": 0.0588843158108656, "GO:1902680": 0.2788081055494745, "GO:0045664": 0.1837622940336714, "GO:0014032": 0.3232836382384739, "GO:0042981": 0.1715791204968017, "GO:1990837": 0.3151089867350765, "GO:0008589": 0.2942344127985773, "GO:0048864": 0.239801953153977, "GO:0071391": 0.3684210526315789, "GO:0001657": 0.4082633694955782, "GO:0072163": 0.2851207213237817, "GO:0072164": 0.3290159792251983, "GO:0051254": 0.2245160765287912, "GO:0043067": 0.1420919093190549, "GO:0032880": 0.1465804825084926, "GO:0007167": 0.1953188930212418, "GO:0009653": 0.059542392435306, "GO:0001823": 0.2275882868590212, "GO:1903429": 0.2581443035143307, "GO:0010717": 0.2199072275138477, "GO:0007169": 0.2439433607199627, "GO:0030154": 0.0621411397014756, "GO:0060749": 0.3927910544997086, "GO:0061377": 0.3292267052349742, "GO:0045595": 0.0956406506153084, "GO:0045596": 0.1462200112087783, "GO:0060485": 0.1440800891972677, "GO:0048869": 0.0460769580226158, "GO:0033630": 0.343692172687245, "GO:0003690": 0.2477081398141482, "GO:0010557": 0.192894669411018, "GO:0043565": 0.2603621320285569, "GO:0002065": 0.2350750824619431, "GO:0048646": 0.1030191581972326, "GO:0007389": 0.1136625532135802, "GO:0045165": 0.1210658544493274, "GO:0046822": 0.2447766529099096, "GO:0031328": 0.1686904493995856, "GO:0060341": 0.1111878640432195, "GO:0045935": 0.176159276841941, "GO:0009891": 0.1387346465369513, "GO:0010811": 0.2942344127985773, "GO:1900101": 0.319735937538636, "GO:0000976": 0.3872369982563664, "GO:0001067": 0.2384746834352951, "GO:0045577": 0.3882971773387555, "GO:0043065": 0.2428978460737191, "GO:0071396": 0.1785286440563157, "GO:0030155": 0.1262978013346679, "GO:0005154": 0.4276174972368164, "GO:0010719": 0.2989983098028816, "GO:0033146": 0.3762590916971134, "GO:0048010": 0.3914972039451091, "GO:0051154": 0.3314655518152795, "GO:0071542": 0.4349968932723434, "GO:0001822": 0.1532689233787538, "GO:0051253": 0.2316876380199104, "GO:0031670": 0.2303111854576388, "GO:0043068": 0.2048466870298505, "GO:0072073": 0.2054349813955673, "GO:0021772": 0.4747085538864398, "GO:0019102": 0.3684210526315789, "GO:0032475": 0.5400876999370995, "GO:0044345": 0.4736842105263157, "GO:0051886": 0.4736842105263157, "GO:0060520": 0.5789473684210527, "GO:0061144": 0.5263157894736842, "GO:0061526": 0.3927910544997086, "GO:0070974": 0.3846153846153846, "GO:0090246": 0.5263157894736842, "GO:1902038": 0.4210526315789473, "GO:1902691": 0.3684210526315789, "GO:1904799": 0.4232914781592526, "GO:1904800": 0.5263157894736842, "GO:2000080": 0.5263157894736842, "GO:2000173": 0.4210526315789473, "GO:0072001": 0.1282324442271628, "GO:1905898": 0.3362679003412313, "GO:0060562": 0.1835545381213677, "GO:1900180": 0.2797689453463065, "GO:0021988": 0.4271268950726311, "GO:0045880": 0.3927910544997086, "GO:0010942": 0.1737657285149328, "GO:0048731": 0.0623697271218187, "GO:0033993": 0.1333537402586088, "GO:0042325": 0.2216592232122315, "GO:0010453": 0.1531352450280595, "GO:0010830": 0.319735937538636, "GO:0042307": 0.5789473684210527, "GO:0071364": 0.3157894736842105, "GO:0010628": 0.1795758792102108, "GO:0000978": 0.5600266299316796, "GO:2001236": 0.3560314154148298, "GO:0035924": 0.2373542769432199, "GO:0048639": 0.2045534427386279, "GO:0030307": 0.256558432099489, "GO:0000981": 0.2624643552901142, "GO:0000987": 0.4761669959984481, "GO:0007275": 0.0448496898011979, "GO:0061138": 0.2211804469070262, "GO:0043066": 0.2375826249099318, "GO:0048598": 0.1421964551570382, "GO:0045934": 0.1776564013640977, "GO:0022603": 0.1112534574467131, "GO:0070849": 0.2454944090623179, "GO:0008134": 0.1881683477017328, "GO:0050678": 0.1932467163092736, "GO:0009967": 0.1712937091149018, "GO:0048546": 0.2837584272356727, "GO:0050673": 0.1433360059667228, "GO:0043069": 0.2034194474124349, "GO:0001763": 0.1556320820462184, "GO:0003700": 0.1744277286095776, "GO:0033628": 0.260998135963406, "GO:0030324": 0.2229498789085398, "GO:0003006": 0.0841201405445761, "GO:0003275": 0.5263157894736842, "GO:0006990": 0.7368421052631579, "GO:0007497": 0.4736842105263157, "GO:0018993": 0.2485991638614596, "GO:0030974": 0.4418899363121722, "GO:0032460": 0.3645294774204699, "GO:0032463": 0.4418899363121722, "GO:0035675": 0.5219962719268121, "GO:0045720": 0.3927910544997086, "GO:0048817": 0.3645294774204699, "GO:0048882": 0.2810392306872686, "GO:0048884": 0.3260361734175703, "GO:0048886": 0.4498583439261994, "GO:0051032": 0.3280804441126427, "GO:0051033": 0.4276174972368164, "GO:0060599": 0.5263157894736842, "GO:0060738": 0.4418899363121722, "GO:0072046": 0.4703238646213918, "GO:0090422": 0.4615384615384615, "GO:1902257": 0.5789473684210527, "GO:1903489": 0.3927910544997086, "GO:2000040": 0.4909888181246358, "GO:2000041": 0.5789473684210527, "GO:2000053": 0.3762590916971134, "GO:2000054": 0.4736842105263157, "GO:2000079": 0.4232914781592526, "GO:1902895": 0.631578947368421, "GO:0048856": 0.030276132488637, "GO:0030323": 0.1881382645736381, "GO:0007166": 0.1339007774253503, "GO:2001238": 0.4556618467755874, "GO:0045944": 0.4177351475349599, "GO:0002064": 0.2148682258330007, "GO:2001233": 0.2547998616097598, "GO:0001954": 0.3645294774204699, "GO:0019220": 0.1638770364505353, "GO:0051174": 0.1388283055009015, "GO:0043009": 0.2013802505530972, "GO:1901700": 0.0791859954309276, "GO:0045892": 0.3563622784542721, "GO:1903507": 0.322077860515456, "GO:0000977": 0.4887819064978215, "GO:0001755": 0.3783013878838852, "GO:0051148": 0.2673426747533735, "GO:0090303": 0.3164723692576265, "GO:2000630": 0.4232914781592526, "GO:0032502": 0.0197764952066798, "GO:1902679": 0.2866498443109798, "GO:0061180": 0.2495405499142139, "GO:0090497": 0.2453772785051996, "GO:0050679": 0.2633745631393998, "GO:0043408": 0.2823761647917656, "GO:0001667": 0.1538240173132468, "GO:0000122": 0.4398144550276954, "GO:0009792": 0.1671782190598078, "GO:0060541": 0.1740611861546914, "GO:0040007": 0.0511045374292903, "GO:0048589": 0.0796415638450823, "GO:0004714": 0.4232595519986206, "GO:0001558": 0.1858720703663163, "GO:0001756": 0.3271697046735995, "GO:0046824": 0.3232836382384739, "GO:0005006": 0.6923076923076923, "GO:0008292": 0.3684210526315789,