{"GO:0006996": 0.0911194194631036, "GO:0014850": 0.1822647387102349, "GO:0060481": 0.4418899363121722}