{"GO": {"GO:0022600": 0.018385882332219612, "GO:0010949": 0.016523285000101296, "GO:0045796": 0.011015523333400863, "GO:1904730": 0.008261642500050648, "GO:0098856": 0.006809300466047337, "GO:0007586": 0.011860266972998681, "GO:0060480": 0.014127859741581655, "GO:1904479": 0.012361877273883949, "GO:0006575": 0.018168705869834625, "GO:0060481": 0.01973019907907376, "GO:0060482": 0.02982049687659877, "GO:0014850": 0.027928184185110835, "GO:0010817": 0.02888852719603432, "GO:0043190": 0.035058910417222554, "GO:0050892": 0.033962313432504616}, "KEGG": {"hsa04975": 0.0019567112352966948}, "REACTOME": {"R-HSA-5679090": 0.0031411453255400902, "R-HSA-5679096": 0.0015705726627700451, "R-HSA-444209": 0.0103931679652382}, "HPO": {"HP:0033341": 0.015117658324745457}}