{"GO": {}, "KEGG": {}, "REACTOME": {}, "HPO": {"HP:0012404": 0.038150356228905474, "HP:0012405": 0.019075178114452737}}