{"GO": {"GO:0099510": 0.04344508577239999, "GO:0099534": 0.021722542886199996}, "KEGG": {}, "REACTOME": {"R-HSA-909733": 0.00279514313990622}, "HPO": {}}