{"GO:0099510": 0.4757375059873951, "GO:0099534": 0.6153846153846154}