{"GO:0015370": 0.3527298433871498, "GO:2000970": 0.2351619323106959, "GO:2000972": 0.3157894736842105, "GO:0015081": 0.2841455915681732, "GO:0035725": 0.4232914781592526, "GO:0022853": 0.1650284653075867, "GO:0015294": 0.2584003943518372}