{"GO": {"GO:0015370": 0.04231232440244299, "GO:2000970": 0.021849736797089434, "GO:2000972": 0.014566491198059623, "GO:0015081": 0.02516930364630216, "GO:0035725": 0.03312251699054517, "GO:0022853": 0.028780404802733982, "GO:0015294": 0.04420813055291378}, "KEGG": {}, "REACTOME": {}, "HPO": {}}