{"GO": {"GO:0006996": 0.046964691261640684, "GO:0014850": 0.048983715793938246, "GO:0060481": 0.04216097891491914}, "KEGG": {"hsa04975": 0.00045577880865472787}, "REACTOME": {}, "HPO": {}}