{"GO:0022600": 0.1425945999509794, "GO:0010949": 0.5263157894736842, "GO:0045796": 0.5263157894736842, "GO:1904730": 0.4232914781592526, "GO:0098856": 0.3292267052349742, "GO:0007586": 0.1049042798185326, "GO:0060480": 0.5789473684210527, "GO:1904479": 0.3645294774204699, "GO:0006575": 0.138346129546281, "GO:0060481": 0.4418899363121722, "GO:0060482": 0.3645294774204699, "GO:0014850": 0.1822647387102349, "GO:0010817": 0.0913383678944347, "GO:0043190": 0.3242680505555582, "GO:0050892": 0.2135702212877726}