{"GO": {"GO:0045095": 0.004072179024766333, "GO:0016213": 0.011262602775594273, "GO:0043588": 0.012137000757879525, "GO:0009913": 0.012296911004916245, "GO:0043651": 0.017654533984509387, "GO:0031424": 0.015831507038104955, "GO:0030216": 0.01374765428390877, "GO:0008544": 0.015135225859891768, "GO:0001951": 0.014955427296162147, "GO:0016215": 0.013459884566545932, "GO:0005882": 0.01989039525710647, "GO:0060687": 0.018656053845631373, "GO:0106001": 0.017220972780582808, "GO:0060526": 0.023937312792822064, "GO:0060527": 0.02234149193996726, "GO:0072330": 0.022360397175370878, "GO:0048145": 0.025549320224102005, "GO:0030280": 0.025450794563522523, "GO:1903598": 0.024642751377237353, "GO:0045111": 0.03082657401119082, "GO:0016717": 0.038065360104760367, "GO:0005200": 0.04110243553028678, "GO:0036109": 0.04335541218013602, "GO:0060525": 0.041548936672630356, "GO:1903596": 0.03988697920572514, "GO:0006633": 0.03855397592506689, "GO:0043124": 0.04000514449711709, "GO:0060442": 0.04343855769031961, "GO:0090179": 0.041940676390653416, "GO:0060688": 0.048219540773775285}, "KEGG": {"hsa04915": 0.00536686857351326}, "REACTOME": {"R-HSA-8866910": 0.0017755629530055398, "R-HSA-6809371": 0.0022101363298298407, "R-HSA-6805567": 0.004622602662726208, "R-HSA-8864260": 0.008996009843512117, "R-HSA-2046105": 0.009013954846801706, "R-HSA-446107": 0.014664744663575036, "R-HSA-2046104": 0.017753516956146107, "R-HSA-2046106": 0.015534327336627844, "R-HSA-8978868": 0.038837508718399444}, "HPO": {"HP:0007446": 3.4742770991762214e-05, "HP:0033800": 0.0005424069663815762, "HP:0001805": 0.000798745003957574, "HP:0012514": 0.0018225832491397431, "HP:0007497": 0.0023151181708985138, "HP:0034067": 0.001929265142415428, "HP:0200040": 0.002759586512156523, "HP:0009763": 0.003489177948788597, "HP:0007599": 0.0038506361076309273, "HP:0025245": 0.0052406971891068, "HP:0003489": 0.006288152351937287, "HP:0007483": 0.005764139655942513, "HP:0007585": 0.0053207442977930884, "HP:0012035": 0.004940691133665011, "HP:0025238": 0.00461131172475401, "HP:0025248": 0.004323104741956884, "HP:0034193": 0.004068804463018244, "HP:0008404": 0.005291578053712771, "HP:0007490": 0.006055107207808293, "HP:0010298": 0.005752351847417878, "HP:0030268": 0.0054784303308741695, "HP:0033802": 0.0052294107703798895, "HP:0007502": 0.006517017429619437, "HP:0002164": 0.007015183618765768, "HP:0007427": 0.006888708807250601, "HP:0007530": 0.006623758468510193, "HP:0007589": 0.006378434080787593, "HP:0008392": 0.008593284103206705, "HP:0008401": 0.00829696396171682, "HP:0001070": 0.010672009549312996, "HP:0009719": 0.010327751176754512, "HP:0012513": 0.010005008952480934, "HP:0031446": 0.009701826863011815, "HP:0007440": 0.009495381800347095, "HP:0001609": 0.011516175464139935, "HP:0005585": 0.011410932644255285, "HP:0005590": 0.011102529059275413, "HP:0031045": 0.01081035724192606, "HP:0040036": 0.010533168594697186, "HP:0001231": 0.010899687653008711, "HP:0008066": 0.012143990200800809, "HP:0003341": 0.012201023687343718, "HP:0030318": 0.014535814690639465, "HP:0030350": 0.014205455265852205, "HP:0033804": 0.0138897784821666, "HP:0100872": 0.013608108960584975, "HP:0009723": 0.015925882616879893, "HP:0033801": 0.015594093395694895, "HP:0045059": 0.015275846591701121, "HP:0200097": 0.0149703296598671, "HP:0009123": 0.017309891293325146, "HP:0001615": 0.019766083970476647, "HP:0007410": 0.019393138989901616, "HP:0010863": 0.019034006786384918, "HP:0006089": 0.02151899886948195, "HP:0030766": 0.021134731032526916, "HP:0001596": 0.022371680795767398, "HP:0000975": 0.022784754648668873, "HP:0100798": 0.022879037280840113, "HP:0001056": 0.025445408104396956, "HP:0001818": 0.025028270266619957, "HP:0001802": 0.027646168326876167, "HP:0000982": 0.028849657967561025, "HP:0000962": 0.029579453045722355, "HP:0001806": 0.029412476777583386, "HP:0011368": 0.03144618261725294, "HP:0006934": 0.03164036405170398, "HP:0001810": 0.03438642914133292, "HP:0002046": 0.03388807509580636, "HP:0006739": 0.03340395973729484, "HP:0000972": 0.034971769058091566, "HP:0010765": 0.03522442042567939, "HP:0007556": 0.03548086459284446, "HP:0002780": 0.03791352153802655, "HP:0005483": 0.03740800791751953, "HP:0100803": 0.036915797287025855, "HP:0020073": 0.046520283456148434, "HP:0001072": 0.04596966685418512, "HP:0007438": 0.04689631891615513, "HP:0007494": 0.046310114929703196, "HP:0009244": 0.045738385115756244, "HP:0009648": 0.04518059993141775, "HP:0009657": 0.04463625535393079, "HP:0009693": 0.04410487136162209, "HP:0012555": 0.0435859905220736, "HP:0012788": 0.04307917667879367, "HP:0031180": 0.04258401372846271, "HP:0034194": 0.042100104481548356, "HP:0002745": 0.04337924728242871, "HP:0025125": 0.042897255645957276, "HP:0200041": 0.04242585723226543, "HP:0008069": 0.048278942031327085}}