{"GO:1905818": 0.2749423976568022, "GO:0051983": 0.2148682258330007, "GO:0031262": 0.8, "GO:0098813": 0.1802967450150937, "GO:1902099": 0.3225060134251264, "GO:0033045": 0.2584104348542069, "GO:1903047": 0.1377819067221557, "GO:0007059": 0.1484891405687073, "GO:0000779": 0.4288402455258224, "GO:0030071": 0.4143319397690994, "GO:0007094": 0.6842105263157895, "GO:0071173": 0.5012280314531462, "GO:0071174": 0.517356251083531, "GO:0031577": 0.4203348754265391, "GO:0000278": 0.1090685387047818, "GO:0033046": 0.3914972039451091, "GO:0033048": 0.4442891021910478, "GO:0045841": 0.589186581749563, "GO:2000816": 0.5012280314531462, "GO:0051985": 0.3055344854324268, "GO:1902100": 0.4143319397690994, "GO:1905819": 0.3597029297309655, "GO:0140014": 0.2686572370993635, "GO:1903429": 0.2581443035143307, "GO:0043651": 0.5263157894736842, "GO:0033044": 0.1841609476071907, "GO:0010965": 0.3526321241038472, "GO:0051276": 0.1636028080571727, "GO:0000775": 0.3432596813905101, "GO:0045839": 0.4232914781592526, "GO:0008608": 0.2862734915893996, "GO:0022402": 0.0854882961514418, "GO:0000793": 0.2816722497329363, "GO:0060512": 0.3494674596048799, "GO:0010564": 0.1337415081703902, "GO:0000776": 0.4840482291822382, "GO:0060429": 0.0957119318455269, "GO:0051347": 0.1905859407843952, "GO:0030850": 0.2810392306872686, "GO:0051784": 0.3232836382384738, "GO:0000940": 0.637489081503067, "GO:0090068": 0.1994513357984612, "GO:0000070": 0.327908655516822, "GO:0022612": 0.1825629392224154, "GO:1901987": 0.2034194474124349, "GO:0045927": 0.1605797642642, "GO:0000819": 0.24590932685136, "GO:0000280": 0.1950412555697758, "GO:0033047": 0.3225060134251264, "GO:0043588": 0.1764851029948535, "GO:0045786": 0.1631839024950684, "GO:0030855": 0.1481935751655371, "GO:0051383": 0.3189632927429112, "GO:0040008": 0.103992056863098, "GO:0007088": 0.3232836382384738, "GO:0060745": 0.4909888181246358, "GO:1903431": 0.3417123540604362, "GO:0051233": 0.5215819757752367, "GO:0048285": 0.1646758875568873, "GO:0007051": 0.2727379236515039, "GO:0045787": 0.166942081764209, "GO:0051310": 0.2718080241371288, "GO:1901990": 0.2760910042343271, "GO:0001655": 0.207954681264891, "GO:0014041": 0.3479975146178747, "GO:0007052": 0.3597029297309655, "GO:0060444": 0.3680659177577995, "GO:0060749": 0.3927910544997086, "GO:0061377": 0.3292267052349742, "GO:1901991": 0.341104471578046, "GO:1902850": 0.3080063232619925, "GO:0045930": 0.2395971057773346, "GO:0051726": 0.1088127272863648, "GO:0016213": 0.5384615384615384, "GO:0051303": 0.1843887882245219, "GO:0060740": 0.399669921923295, "GO:0036109": 0.5263157894736842, "GO:0060525": 0.3844263983179907, "GO:0009913": 0.2318295521551551, "GO:1901988": 0.262372076541925, "GO:0010948": 0.1942210761733922, "GO:0048863": 0.1661526262432316, "GO:0033674": 0.3436779970710027, "GO:0051783": 0.2436788360620599, "GO:0048638": 0.1397133628882753, "GO:0051301": 0.0825579448965216, "GO:0048732": 0.1312539510799537, "GO:0034056": 0.8461538461538461, "GO:0050000": 0.1338489159807888, "GO:2001251": 0.2706465505151221, "GO:0000226": 0.1970316810852741, "GO:0007080": 0.4203348754265391, "GO:0033148": 0.4736842105263157, "GO:0098687": 0.2708932658572458, "GO:0060688": 0.2098085596370653, "GO:0007346": 0.1806629724800626, "GO:1905820": 0.363694093018283, "GO:0051338": 0.1327359397418038, "GO:0000075": 0.31330136065122, "GO:0033145": 0.3645294774204699, "GO:0051315": 0.517356251083531, "GO:0060603": 0.2914743604593973, "GO:0048639": 0.2045534427386279, "GO:0014042": 0.4418899363121722, "GO:0060480": 0.5789473684210527, "GO:0060748": 0.5789473684210527, "GO:1902102": 0.3882971773387555, "GO:1905132": 0.3386244383220854, "GO:0030307": 0.256558432099489, "GO:0030216": 0.3271697046735995, "GO:0007143": 0.3680659177577995, "GO:0045132": 0.2924428669865427, "GO:0007093": 0.3762493759134283, "GO:0048145": 0.2485991638614596, "GO:0061180": 0.2495405499142139, "GO:0002009": 0.1382706068612045, "GO:0048469": 0.1905859407843952, "GO:0007049": 0.0634034322317944, "GO:0005154": 0.4276174972368164, "GO:0003682": 0.179887784316763, "GO:0005524": 0.6923076923076923, "GO:0031424": 0.4418899363121722, "GO:0005694": 0.1460073374674943, "GO:0008544": 0.1588216173203293, "GO:0046545": 0.2495405499142139, "GO:0045616": 0.3762590916971134, "GO:0051128": 0.08509551875044, "GO:0007010": 0.1492302719984674, "GO:0005819": 0.3316917170454803, "GO:0045095": 0.6, "GO:0072686": 0.4431639515504734, "GO:0001951": 0.4210526315789473, "GO:0007057": 0.631578947368421, "GO:0016215": 0.3663102754452978, "GO:0038160": 0.5263157894736842, "GO:0060481": 0.4418899363121722, "GO:0060750": 0.5789473684210527, "GO:0006636": 0.4143319397690994, "GO:0072698": 0.2810392306872686, "GO:0065008": 0.048537876981416, "GO:0005496": 0.2040080748180784, "GO:0033559": 0.3386244383220854, "GO:0030554": 0.3524441826002564, "GO:0022414": 0.0557073916714722, "GO:0051656": 0.1092096217491623, "GO:0010744": 0.3684210526315789, "GO:0038128": 0.4556618467755874, "GO:0071391": 0.3684210526315789, "GO:0120254": 0.1141518090692241, "GO:0000003": 0.0367748506907462, "GO:0032559": 0.4431857481915369, "GO:0055064": 0.2945932908747815, "GO:0044380": 0.235934792313853, "GO:0004668": 0.3540115487256445, "GO:0010523": 0.5400876999370995, "GO:0038135": 0.5789473684210527, "GO:0038159": 0.4418899363121722, "GO:0060482": 0.3645294774204699, "GO:0060687": 0.3684210526315789, "GO:0060751": 0.4556618467755874, "GO:0106001": 0.343692172687245, "GO:0045104": 0.2900323578383696, "GO:0050896": 0.0227523534487934, "GO:0048608": 0.1704509242751516, "GO:0045103": 0.1226886392525998, "GO:0046660": 0.2070682531757453, "GO:0048729": 0.1072502819760858, "GO:0060443": 0.2405745979497019, "GO:0140013": 0.2399131356063177, "GO:0061458": 0.1459820362503788, "GO:0006633": 0.3044773693295124, "GO:0044093": 0.0945202662539046, "GO:0030520": 0.5263157894736842, "GO:0055081": 0.2278309233877937, "GO:0032355": 0.2945932908747815, "GO:0006814": 0.3417123540604362, "GO:2001236": 0.3560314154148298, "GO:0004879": 0.3846153846153846, "GO:0098531": 0.285078331491211, "GO:0007056": 0.517356251083531, "GO:0014031": 0.3684210526315789, "GO:0016321": 0.4703238646213918, "GO:0043515": 0.2307692307692307, "GO:0060526": 0.5400876999370995, "GO:0060527": 0.631578947368421, "GO:1904428": 0.4909888181246358, "GO:0043549": 0.2662722928424845, "GO:0048546": 0.2837584272356727, "GO:0043085": 0.1308256548941831, "GO:0098657": 0.1431448274148071, "GO:0072330": 0.2301488577749682, "GO:0034508": 0.3645294774204699, "GO:0007173": 0.4089621308419994, "GO:0061138": 0.2211804469070262, "GO:0010817": 0.0913383678944347}