{"GO": {"GO:1905818": 2.412299051054155e-05, "GO:0051983": 2.807786587653425e-05, "GO:0031262": 2.04227086745255e-05, "GO:0098813": 2.5790621713761577e-05, "GO:1902099": 4.8404993472473415e-05, "GO:0033045": 0.00012061862356601064, "GO:1903047": 0.00014310511020765456, "GO:0007059": 0.00018208351340457895, "GO:0000779": 0.0001624652301733877, "GO:0030071": 0.00023492273393142942, "GO:0007094": 0.00024044788194959538, "GO:0071173": 0.00022041055845379578, "GO:0071174": 0.0002034559001111961, "GO:0031577": 0.0002340374027749774, "GO:0000278": 0.00022040647601917935, "GO:0033046": 0.0003069535795472984, "GO:0033048": 0.00028889748663275144, "GO:0045841": 0.0002728476262642652, "GO:2000816": 0.0002584872248819355, "GO:0051985": 0.0002974433612922654, "GO:1902100": 0.0002832793917069194, "GO:1905819": 0.00027040305572024125, "GO:0140014": 0.0002747310020122417, "GO:1903429": 0.0003676671290591123, "GO:0043651": 0.0004592015056777233, "GO:0033044": 0.0005155658098064152, "GO:0010965": 0.0005020100508073441, "GO:0051276": 0.0004972857551352644, "GO:0000775": 0.0005052943754645816, "GO:0045839": 0.000645278395156145, "GO:0008608": 0.0007533679653714961, "GO:0022402": 0.0007842621689796321, "GO:0000793": 0.0009527179000710675, "GO:0060512": 0.001044521361669619, "GO:0010564": 0.0011215446302273611, "GO:0000776": 0.0012484353889338493, "GO:0060429": 0.0012511799297122372, "GO:0051347": 0.0012765039516529565, "GO:0030850": 0.001303910967170969, "GO:0051784": 0.0012713131929916947, "GO:0000940": 0.0013738596904869934, "GO:0090068": 0.0015990060520504126, "GO:0000070": 0.0016508538509944048, "GO:0022612": 0.0016855405781814562, "GO:1901987": 0.0017147028539149824, "GO:0045927": 0.0018594483553721387, "GO:0000819": 0.0019119178536447388, "GO:0000280": 0.001902548371342908, "GO:0033047": 0.0021025503500045084, "GO:0043588": 0.002163103252880474, "GO:0045786": 0.0024493825089273503, "GO:0030855": 0.002415391353773892, "GO:0051383": 0.002463390905790553, "GO:0040008": 0.003048540598402512, "GO:0007088": 0.0034001472099431202, "GO:0060745": 0.0034794617409958533, "GO:1903431": 0.003418418552557329, "GO:0051233": 0.003683973395926044, "GO:0048285": 0.0037286788182988814, "GO:0007051": 0.004143903159926592, "GO:0045787": 0.004094647634747426, "GO:0051310": 0.004104701164350016, "GO:1901990": 0.004354853649632345, "GO:0001655": 0.004763554926569708, "GO:0014041": 0.0047580411320026295, "GO:0007052": 0.004704478625453519, "GO:0060444": 0.004736871955950654, "GO:0060749": 0.0046672120742454965, "GO:0061377": 0.004599571319546286, "GO:1901991": 0.00521873939198865, "GO:1902850": 0.005272701337584205, "GO:0045930": 0.006625116514626064, "GO:0051726": 0.006748615491783409, "GO:0016213": 0.007251318717899773, "GO:0051303": 0.0072933785382393555, "GO:0060740": 0.007228090709742977, "GO:0036109": 0.008470171634157746, "GO:0060525": 0.008361579690130082, "GO:0009913": 0.008605704473019738, "GO:1901988": 0.009045568435572601, "GO:0010948": 0.008939348579676432, "GO:0048863": 0.00939741388902444, "GO:0033674": 0.009357345273930067, "GO:0051783": 0.00958551706552239, "GO:0048638": 0.009537471470629043, "GO:0051301": 0.009454507896715527, "GO:0048732": 0.009860533227803552, "GO:0034056": 0.010109499705045134, "GO:0050000": 0.011105265320041628, "GO:2001251": 0.010981873483152278, "GO:0000226": 0.011076401209216912, "GO:0007080": 0.012143562022781735, "GO:0033148": 0.012653089399718884, "GO:0098687": 0.012609597241051825, "GO:0060688": 0.012872123593713305, "GO:0007346": 0.013379065793253521, "GO:1905820": 0.013883155810726756, "GO:0051338": 0.015083661138477544, "GO:0000075": 0.015298424967798119, "GO:0033145": 0.015175852048689218, "GO:0051315": 0.015025596087811106, "GO:0060603": 0.01503104143563999, "GO:0048639": 0.015342233342322266, "GO:0014042": 0.015368226142944483, "GO:0060480": 0.015221862084440249, "GO:0060748": 0.01507825961194553, "GO:1902102": 0.014937341297815198, "GO:1905132": 0.014799032582094687, "GO:0030307": 0.015121672518408876, "GO:0030216": 0.015341054888100615, "GO:0007143": 0.015652756085779183, "GO:0045132": 0.016873651530611773, "GO:0007093": 0.017301546054258862, "GO:0048145": 0.01760406780126843, "GO:0061180": 0.017604199621840823, "GO:0002009": 0.01786520839720869, "GO:0048469": 0.018019096359127542, "GO:0007049": 0.01822806708599349, "GO:0005154": 0.01851438683478888, "GO:0003682": 0.01874844060138068, "GO:0005524": 0.018748881840498305, "GO:0031424": 0.019377983351365587, "GO:0005694": 0.019654592735272657, "GO:0008544": 0.02093081982525864, "GO:0046545": 0.02143434613542118, "GO:0045616": 0.021838280783552644, "GO:0051128": 0.02258134837149956, "GO:0007010": 0.022872436253568395, "GO:0005819": 0.022704775103591687, "GO:0045095": 0.022705186253090082, "GO:0072686": 0.022815346413557803, "GO:0001951": 0.024043790674965725, "GO:0007057": 0.023863010293950947, "GO:0016215": 0.023684928127578178, "GO:0038160": 0.023509484215522042, "GO:0060481": 0.023336620360996145, "GO:0060750": 0.023166280066390335, "GO:0006636": 0.024568641443794514, "GO:0072698": 0.024391888627652104, "GO:0065008": 0.024567623386707094, "GO:0005496": 0.02626763806342705, "GO:0033559": 0.026082654696783197, "GO:0030554": 0.027131704492964318, "GO:0022414": 0.02750719965033424, "GO:0051656": 0.02781914893646295, "GO:0010744": 0.028497176336390668, "GO:0038128": 0.02830331799396624, "GO:0071391": 0.028112079358871875, "GO:0120254": 0.028048199294006867, "GO:0000003": 0.02796673203733179, "GO:0032559": 0.03060155686942857, "GO:0055064": 0.032246718480187286, "GO:0044380": 0.032489510678671785, "GO:0004668": 0.034103376036597154, "GO:0010523": 0.033883354255715877, "GO:0038135": 0.03366615326689719, "GO:0038159": 0.0334517191696558, "GO:0060482": 0.033239999428075706, "GO:0060687": 0.033030942827899125, "GO:0060751": 0.03282449943522476, "GO:0106001": 0.0326206205567451, "GO:0045104": 0.033189318235508476, "GO:0050896": 0.033010926742597965, "GO:0048608": 0.03299790943669564, "GO:0045103": 0.034644664651701115, "GO:0046660": 0.0348077712551574, "GO:0048729": 0.035308399114770836, "GO:0060443": 0.03528707151608822, "GO:0140013": 0.03537489918783992, "GO:0061458": 0.0353075264628092, "GO:0006633": 0.03707824358043784, "GO:0044093": 0.037974228431469866, "GO:0030520": 0.038273470179766594, "GO:0055081": 0.038053507707469084, "GO:0032355": 0.03792412043859313, "GO:0006814": 0.038902446660268944, "GO:2001236": 0.04074336795539649, "GO:0004879": 0.0426698980840395, "GO:0098531": 0.042431518765134256, "GO:0007056": 0.043454225311654986, "GO:0014031": 0.04321414671877291, "GO:0016321": 0.04297670635218625, "GO:0043515": 0.04274186096228359, "GO:0060526": 0.04250956823966248, "GO:0060527": 0.04227978678971836, "GO:1904428": 0.04205247610805321, "GO:0043549": 0.04353426857806183, "GO:0048546": 0.0437043725805317, "GO:0043085": 0.04353454304386886, "GO:0098657": 0.04345412158632191, "GO:0072330": 0.045207366891186915, "GO:0034508": 0.04519639058624575, "GO:0007173": 0.045968765283245804, "GO:0061138": 0.04773817687521085, "GO:0010817": 0.04988907159916171}, "KEGG": {}, "REACTOME": {"R-HSA-69278": 0.0014037362465886248, "R-HSA-69618": 0.0008434353144170976, "R-HSA-69620": 0.0006291121251784048, "R-HSA-2467813": 0.0009018395033550675, "R-HSA-141424": 0.0008244161041489021, "R-HSA-141444": 0.000687013420124085, "R-HSA-8866910": 0.0011203427617503, "R-HSA-1640170": 0.0011879561255395334, "R-HSA-9648025": 0.002112081849379834, "R-HSA-68882": 0.0026501674541397633, "R-HSA-2555396": 0.0025066964985543355, "R-HSA-8864260": 0.002479053774140936, "R-HSA-2500257": 0.0024007178034747747, "R-HSA-68877": 0.00267766481770992, "R-HSA-2046105": 0.0028706021396595646, "R-HSA-5663220": 0.00448004058152439, "R-HSA-2046104": 0.01242873353504598, "R-HSA-2046106": 0.011738248338654536, "R-HSA-69239": 0.011762182468083374, "R-HSA-68962": 0.013647600143854346, "R-HSA-68886": 0.014784158641406026, "R-HSA-9018519": 0.031115304096619556, "R-HSA-1306955": 0.031791643014360396, "R-HSA-2219530": 0.03962662366804904,