{"GO": {"GO:1903047": 5.838579568633107e-12, "GO:0000278": 5.4053085575079275e-12, "GO:0098813": 2.3457126920659874e-11, "GO:0022402": 3.007816470066752e-11, "GO:0007059": 1.180219356087004e-10, "GO:0051276": 2.7274180401548866e-10, "GO:0007049": 9.475676738439201e-10, "GO:0051983": 1.7766278034436962e-09, "GO:0000779": 1.8702774474769195e-09, "GO:0010564": 2.3292730229595447e-09, "GO:1905818": 4.6623172207882995e-09, "GO:0000775": 8.025984528714568e-09, "GO:0140014": 1.4894144322621941e-08, "GO:0000793": 1.6478056785607066e-08, "GO:0030071": 2.4109569725967478e-08, "GO:1902099": 2.7683024638142203e-08, "GO:1901987": 4.170493058159019e-08, "GO:0000280": 4.417440586839123e-08, "GO:0031262": 4.3145960460024906e-08, "GO:0033045": 6.235932174037019e-08, "GO:0033044": 6.376352126842723e-08, "GO:0048285": 1.0203891741384112e-07, "GO:1901990": 1.2703008685330513e-07, "GO:0000776": 1.5952146442385386e-07, "GO:0007094": 2.2956636380768416e-07, "GO:0071173": 2.2073688827661938e-07, "GO:0071174": 2.1256144797007793e-07, "GO:0031577": 2.5535494016787123e-07, "GO:0033046": 3.7375821675835984e-07, "GO:0033048": 3.612996095330812e-07, "GO:0045841": 3.4964478341911083e-07, "GO:2000816": 3.387183839372636e-07, "GO:0051301": 3.2951150585291035e-07, "GO:0010965": 3.7958199728826205e-07, "GO:0051985": 3.7723761954698116e-07, "GO:1902100": 3.6675879678178723e-07, "GO:1905819": 3.56846396868766e-07, "GO:0000070": 3.751931026487439e-07, "GO:0090068": 4.395679302987026e-07, "GO:0098687": 4.330957905350825e-07, "GO:0000819": 4.5069698971568023e-07, "GO:0051726": 8.827580148497481e-07, "GO:0010948": 9.75703050527664e-07, "GO:0045839": 1.0158221656292778e-06, "GO:1901991": 1.9568132385574887e-06, "GO:1901988": 1.93746426948354e-06, "GO:0007088": 1.9707361709433327e-06, "GO:0051784": 2.5444779424732756e-06, "GO:0008608": 2.6831355272787793e-06, "GO:1902850": 3.9759740478423735e-06, "GO:0005694": 4.816958610735711e-06, "GO:0033047": 4.921788238083767e-06, "GO:0045787": 5.925489364094213e-06, "GO:0007346": 6.115155680955925e-06, "GO:0007052": 6.5698290622758066e-06, "GO:0051783": 8.328586118888113e-06, "GO:0045786": 1.1289442587154663e-05, "GO:0051310": 1.1464996772572565e-05, "GO:0045930": 1.2270925045198908e-05, "GO:0000940": 1.3243420838119657e-05, "GO:0007051": 1.4854751428394641e-05, "GO:0000075": 1.534265228778641e-05, "GO:0051233": 2.0502263723299906e-05, "GO:0051303": 2.3487406942501893e-05, "GO:0051383": 2.878660566656929e-05, "GO:0007093": 4.136725368702485e-05, "GO:0050000": 4.239268364431199e-05, "GO:2001251": 4.1769261826013276e-05, "GO:0045132": 8.322342185301076e-05, "GO:0007080": 0.00010470207606534803, "GO:0140013": 0.00013624061802952408, "GO:0051656": 0.00016314281344886308, "GO:0051321": 0.00021803182306518706, "GO:1903046": 0.00028559783706414945, "GO:0051347": 0.0003315859700187651, "GO:0007143": 0.0003544846708458679, "GO:0005819": 0.000361000587470338, "GO:0000226": 0.00048292994202253696, "GO:0033043": 0.000661574386418035, "GO:0006261": 0.0006707743545080625, "GO:0072698": 0.0006697069252861453, "GO:0051315": 0.0006807796486905198, "GO:0044380": 0.0009784051096174925, "GO:0007292": 0.0010906171371614997, "GO:0051640": 0.001853645815681104, "GO:0006996": 0.0018748845587739872, "GO:0006259": 0.0021214855660622177, "GO:1903429": 0.0024751083002514957, "GO:0072686": 0.0030467695520775733, "GO:0007017": 0.0030196465903946446, "GO:0007057": 0.0031959785949533886, "GO:0038160": 0.003161239697182156, "GO:0034508": 0.003605227941642632, "GO:0008017": 0.003910154586181826, "GO:0006260": 0.0050148898429727235, "GO:0038159": 0.005035311944523828, "GO:0006270": 0.006297218565376452, "GO:0051984": 0.006232961233076692, "GO:0007056": 0.007303947661725285, "GO:0016321": 0.007230908185108032, "GO:0043515": 0.0071593150347604275, "GO:1905820": 0.007376592518375106, "GO:0031401": 0.00908267573175049, "GO:0033674": 0.009410354105428863, "GO:0038146": 0.009614704082905474, "GO:1903431": 0.009523999327406366, "GO:0007010": 0.010452122777979925, "GO:0000228": 0.011514234756106703, "GO:0043232": 0.011678347655095424, "GO:0043228": 0.011588044129737848, "GO:0032465": 0.01205608274033125, "GO:0000796": 0.01198534772609111, "GO:1905821": 0.011879282701966408, "GO:0051716": 0.011950906603171057, "GO:0071459": 0.012257351719881944, "GO:0010639": 0.012384834386677116, "GO:0034502": 0.01247995324906807, "GO:0097431": 0.012930239281607634, "GO:0051338": 0.014089278712198153, "GO:0090306": 0.01434289942101572, "GO:0045860": 0.015150769752917865, "GO:0006284": 0.016813199982026693, "GO:0031055": 0.017443295347208967, "GO:0034080": 0.017302623610537925, "GO:0051294": 0.017586859540706032, "GO:0044770": 0.018313567830831837, "GO:0006281": 0.019304201281275045, "GO:0006974": 0.01918087741397052, "GO:0007144": 0.02027215464135, "GO:0071162": 0.02011621499026269, "GO:0051128": 0.02003329887999284, "GO:0042327": 0.020230400359224826, "GO:0099080": 0.020704890035173375, "GO:0015631": 0.020554395015190317, "GO:0016446": 0.02318159230512676, "GO:0060623": 0.023011139420530242, "GO:1902806": 0.023283349289103767, "GO:0023052": 0.02441778215573276, "GO:1901989": 0.025070262848312777, "GO:0090329": 0.025861280042941723, "GO:0002566": 0.026158637416577826, "GO:0031261": 0.025974421660123054, "GO:0051382": 0.0257927823478145, "GO:0140996": 0.025613665803732456, "GO:0022414": 0.027884247885390286, "GO:0051247": 0.028481693697369147, "GO:0000003": 0.029089683760270768, "GO:1902969": 0.02899520630741602, "GO:1904668": 0.028800607607366246, "GO:1990023": 0.028608603556650472, "GO:0043085": 0.029715039392480498, "GO:1902808": 0.029645476335254117, "GO:0030496": 0.03001938136823029, "GO:0000212": 0.03206434476320907, "GO:0045120": 0.03185747802280126, "GO:0051293": 0.03366543824823119, "GO:0010562": 0.03346419827566758, "GO:0045937": 0.03325239955240386, "GO:0001934": 0.03520080435428196, "GO:0007076": 0.03517407512731159, "GO:0006275": 0.035494434399059846, "GO:0050896": 0.03541326611924869, "GO:0140694": 0.0363115279097192, "GO:0007154": 0.03753457777680707, "GO:0005654": 0.03770428325479045, "GO:0051653": 0.040104242442850144, "GO:0000076": 0.04273195380492762, "GO:0003682": 0.045977464126157386, "GO:0006836": 0.049374553058457935, "GO:0008283": 0.04909187723410525}, "KEGG": {"hsa04110": 0.004178673548746022, "hsa03410": 0.036817710663721026}, "REACTOME": {"R-HSA-69278": 3.2064312898865086e-10, "R-HSA-1640170": 6.850871569845795e-10, "R-HSA-69620": 2.3765035178337195e-08, "R-HSA-69618": 6.572154650196324e-08, "R-HSA-141424": 3.175199770220104e-07, "R-HSA-141444": 2.6459998085167533e-07, "R-HSA-2467813": 2.8135464299173955e-07, "R-HSA-68877": 4.50101990269982e-07, "R-HSA-9648025": 9.19282165539754e-07, "R-HSA-2500257": 1.4230305450114268e-06, "R-HSA-68882": 1.3682461009607196e-06, "R-HSA-2555396": 1.3068235817322913e-06, "R-HSA-5663220": 2.742728497442875e-06, "R-HSA-68886": 3.1313210615723288e-06, "R-HSA-195258": 0.00017116075301704944, "R-HSA-68962": 0.00024056351800574085, "R-HSA-69239": 0.00025281910689573764, "R-HSA-194315": 0.0005993220761749313, "R-HSA-9716542": 0.0007098945922907447, "R-HSA-69242": 0.0011145057242936778, "R-HSA-69306": 0.002141483399486562, "R-HSA-453279": 0.006709713548719533, "R-HSA-68689": 0.007351200441295369, "R-HSA-176187": 0.007397767639456719, "R-HSA-69002": 0.007281762216709862, "R-HSA-2514853": 0.012668748428523644, "R-HSA-176974": 0.01459925543788471, "R-HSA-5685939": 0.014077853457960256, "R-HSA-112310": 0.014845237109025801, "R-HSA-69206": 0.026857435195095036, "R-HSA-73894": 0.029435945158366943, "R-HSA-5693538": 0.028836741588943372, "R-HSA-174178": 0.0401205846195996, "R-HSA-5579021": 0.04314950706906284, "R-HSA-9629232": 0.04191666400994676, "R-HSA-9636003": 0.040752312231892684, "R-HSA-9634638": 0.04310826391710244, "R-HSA-69481": 0.048366096492553794, "R-HSA-110373": 0.047895443604329645, "R-HSA-5693532": 0.04693335390278494, "R-HSA-1538133": 0.049069360375772315, "R-HSA-453276": 0.049964673388037444, "R-HSA-73884": 0.04882911262921841,