{"GO": {}, "KEGG": {}, "REACTOME": {"R-HSA-8866910": 0.002789400043948179, "R-HSA-1306955": 0.014249356120181727, "R-HSA-8864260": 0.018952366731425547}, "HPO": {}}