{"GO": {"GO:0060512": 0.00014528755503330604, "GO:0060429": 0.0004263733091683796, "GO:0030850": 0.0005638768805399321, "GO:0001655": 0.0014770433401190594, "GO:0060480": 0.0025386862825086927, "GO:0060740": 0.002179882633346074, "GO:0060479": 0.0021208646725563844, "GO:0060487": 0.0018557565884868364, "GO:0048863": 0.0020590029855719486, "GO:0060481": 0.002536042346751039, "GO:0014033": 0.002386431023630678, "GO:0022612": 0.00327432592484684, "GO:0060482": 0.003247950510821931, "GO:0060428": 0.003534183181639903, "GO:0048729": 0.0033633165361167516, "GO:0030855": 0.004479178027155444, "GO:0009888": 0.004607472231536746, "GO:0040008": 0.0045173718730418646, "GO:0045927": 0.004473238777002957, "GO:0048732": 0.0044223735048718755, "GO:0048565": 0.004944031510684464, "GO:0014041": 0.005357113668119661, "GO:0002009": 0.006228410210822053, "GO:0055123": 0.006065505112325915, "GO:0060688": 0.005860143610915668, "GO:0048608": 0.006275085966382014, "GO:0061458": 0.0064486179706691495, "GO:0060433": 0.006750646466205655, "GO:0060525": 0.006517865553577873, "GO:0061140": 0.006300603368458611, "GO:0002162": 0.007444570097285149, "GO:0060742": 0.007211927281744988, "GO:0002067": 0.007441240820686093, "GO:0048638": 0.007530708659652406, "GO:0048762": 0.007712970340938593, "GO:0033148": 0.007684716471787623, "GO:1904338": 0.0074770214320095795, "GO:0051094": 0.007383346881491288, "GO:0033145": 0.008374603149390324, "GO:0009790": 0.008175957191502308, "GO:0033143": 0.00854276936032685, "GO:0045664": 0.010470718688620368, "GO:0014032": 0.011590744539682533, "GO:0045597": 0.013888626858789653, "GO:0048864": 0.013702937970320263, "GO:0071391": 0.013855033385973423, "GO:0001657": 0.014036300900789863, "GO:0072163": 0.014207287695557078, "GO:0072164": 0.013917343048708975, "GO:0001823": 0.015514726588954551, "GO:1903429": 0.015486510805117799, "GO:0035295": 0.01575462988028559, "GO:0010717": 0.016061276912219497, "GO:0060749": 0.016148933248097734, "GO:0061377": 0.0158553162799505, "GO:0060485": 0.01659560077095417, "GO:0010941": 0.017930091077978643, "GO:0002065": 0.01906162267582326, "GO:0035239": 0.01978877875329996, "GO:0045165": 0.021363472789468395, "GO:0009887": 0.022076141683025227, "GO:0048513": 0.026406874067889316, "GO:0005154": 0.036481295366575794, "GO:0010719": 0.03591127512647305, "GO:0033146": 0.03535879397068115, "GO:0071542": 0.03482305466809508, "GO:0001822": 0.03491001620528706, "GO:0072073": 0.03731835314767619, "GO:0019102": 0.03793796027672394, "GO:0032475": 0.03739598941562789, "GO:0044345": 0.03686928533935144, "GO:0060520": 0.03635721193186045, "GO:0061144": 0.03585916793279387, "GO:0061526": 0.0353745845823507, "GO:0070974": 0.03490292345458603, "GO:0090246": 0.03444367446176253, "GO:1902038": 0.03399635401420717, "GO:1902691": 0.03356050332171734, "GO:1904799": 0.03313568682397408, "GO:1904800": 0.032721490738674405, "GO:2000080": 0.03231752171720929, "GO:2000173": 0.03192340559870673, "GO:0072001": 0.0317800451200155, "GO:0060562": 0.03329393738602854, "GO:0045880": 0.0337426708718312, "GO:0010453": 0.03877976962660406, "GO:0071364": 0.03833402514813734, "GO:2001236": 0.039272197184405715, "GO:0048639": 0.0409910667912459, "GO:0030307": 0.04126373984784341, "GO:0061138": 0.04301884298509516, "GO:0070849": 0.043584639034925064, "GO:0048546": 0.048973355886978424, "GO:0001763": 0.04928687876108185, "GO:0045720": 0.049820980598469164, "GO:0048882": 0.04935097134754021, "GO:0048884": 0.04888974731625479, "GO:0048886": 0.04843706447073391, "GO:0051032": 0.0479926877324703, "GO:0051033": 0.04755639057126602, "GO:0060599": 0.04712795462017353, "GO:0060738": 0.04670716931106484, "GO:0072046": 0.046293831529550994, "GO:0090422": 0.045887745288063705, "GO:1902257": 0.04548872141599358, "GO:2000040": 0.04509657726585571, "GO:2000041": 0.04471113643452361, "GO:2000053": 0.04433222849863781, "GO:2000054": 0.04395968876335515, "GO:2000079": 0.04359335802366052, "GO:1902895": 0.044064543947596964, "GO:0030323": 0.043808447999766256, "GO:2001238": 0.04500126146268029, "GO:0002064": 0.045128415268876836, "GO:0060548": 0.04705678955150684, "GO:0048646": 0.0492301134097896, "GO:0043009": 0.04908389324996488, "GO:0001755": 0.04987716208649101, "GO:0072300": 0.04993922120097211, "GO:0090245": 0.0496231501807128, "GO:1900620": 0.04931105489655737, "GO:1901491": 0.04900286080345388, "GO:1902256": 0.048698495208401374, "GO:1902680": 0.04949201440882128}, "KEGG": {}, "REACTOME": {}, "HPO": {}}