{"GO:0060512": 0.3494674596048799, "GO:0060429": 0.0957119318455269, "GO:0030850": 0.2810392306872686, "GO:0001655": 0.207954681264891, "GO:0060480": 0.5789473684210527, "GO:0060740": 0.399669921923295, "GO:0060479": 0.3271697046735995, "GO:0060487": 0.3783013878838852, "GO:0048863": 0.1661526262432316, "GO:0060481": 0.4418899363121722, "GO:0014033": 0.2615446116450657, "GO:0022612": 0.1825629392224154, "GO:0060482": 0.3645294774204699, "GO:0060428": 0.3106377418710044, "GO:0048729": 0.1072502819760858, "GO:0030855": 0.1481935751655371, "GO:0009888": 0.066121406376088, "GO:0040008": 0.103992056863098, "GO:0045927": 0.1605797642642, "GO:0048732": 0.1312539510799537, "GO:0048565": 0.2267759953799913, "GO:0014041": 0.3479975146178747, "GO:0002009": 0.1382706068612045, "GO:0055123": 0.1932467163092736, "GO:0060688": 0.2098085596370653, "GO:0048608": 0.1704509242751516, "GO:0061458": 0.1459820362503788, "GO:0060433": 0.2942344127985773, "GO:0060525": 0.3844263983179907, "GO:0061140": 0.4556618467755874, "GO:0002162": 0.3076923076923077, "GO:0060742": 0.399860191971943, "GO:0002067": 0.2882107921783878, "GO:0048638": 0.1397133628882753, "GO:0048762": 0.1993831514918779, "GO:0033148": 0.4736842105263157, "GO:1904338": 0.2900323578383696, "GO:0051094": 0.1039882112007915, "GO:0033145": 0.3645294774204699, "GO:0009790": 0.1068051523493063, "GO:0033143": 0.2742694298585478, "GO:0045664": 0.1837622940336714, "GO:0014032": 0.3232836382384738, "GO:0045597": 0.1492302719984674, "GO:0048864": 0.239801953153977, "GO:0071391": 0.3684210526315789, "GO:0001657": 0.4082633694955782, "GO:0072163": 0.2851207213237817, "GO:0072164": 0.3290159792251983, "GO:0001823": 0.2275882868590212, "GO:1903429": 0.2581443035143307, "GO:0035295": 0.1053577778324626, "GO:0010717": 0.2199072275138477, "GO:0060749": 0.3927910544997086, "GO:0061377": 0.3292267052349742, "GO:0060485": 0.1440800891972677, "GO:0010941": 0.1167272655925122, "GO:0002065": 0.2350750824619431, "GO:0035239": 0.1439197069836142, "GO:0045165": 0.1210658544493274, "GO:0009887": 0.0972189375107408, "GO:0048513": 0.0541918193655209, "GO:0005154": 0.4276174972368164, "GO:0010719": 0.2989983098028816, "GO:0033146": 0.3762590916971134, "GO:0071542": 0.4349968932723434, "GO:0001822": 0.1532689233787538, "GO:0072073": 0.2054349813955673, "GO:0019102": 0.3684210526315789, "GO:0032475": 0.5400876999370995, "GO:0044345": 0.4736842105263157, "GO:0060520": 0.5789473684210527, "GO:0061144": 0.5263157894736842, "GO:0061526": 0.3927910544997086, "GO:0070974": 0.3846153846153846, "GO:0090246": 0.5263157894736842, "GO:1902038": 0.4210526315789473, "GO:1902691": 0.3684210526315789, "GO:1904799": 0.4232914781592526, "GO:1904800": 0.5263157894736842, "GO:2000080": 0.5263157894736842, "GO:2000173": 0.4210526315789473, "GO:0072001": 0.1282324442271628, "GO:0060562": 0.1835545381213677, "GO:0045880": 0.3927910544997086, "GO:0010453": 0.1531352450280595, "GO:0071364": 0.3157894736842105, "GO:2001236": 0.3560314154148298, "GO:0048639": 0.2045534427386279, "GO:0030307": 0.256558432099489, "GO:0061138": 0.2211804469070262, "GO:0070849": 0.2454944090623179, "GO:0048546": 0.2837584272356727, "GO:0001763": 0.1556320820462184, "GO:0045720": 0.3927910544997086, "GO:0048882": 0.2810392306872686, "GO:0048884": 0.3260361734175703, "GO:0048886": 0.4498583439261994, "GO:0051032": 0.3280804441126427, "GO:0051033": 0.4276174972368164, "GO:0060599": 0.5263157894736842, "GO:0060738": 0.4418899363121722, "GO:0072046": 0.4703238646213918, "GO:0090422": 0.4615384615384615, "GO:1902257": 0.5789473684210527, "GO:2000040": 0.4909888181246358, "GO:2000041": 0.5789473684210527, "GO:2000053": 0.3762590916971134, "GO:2000054": 0.4736842105263157, "GO:2000079": 0.4232914781592526, "GO:1902895": 0.631578947368421, "GO:0030323": 0.1881382645736381, "GO:2001238": 0.4556618467755874, "GO:0002064": 0.2148682258330007, "GO:0060548": 0.1723298014483268, "GO:0048646": 0.1030191581972326, "GO:0043009": 0.2013802505530972, "GO:0001755": 0.3783013878838852, "GO:0072300": 0.5263157894736842, "GO:0090245": 0.4232914781592526, "GO:1900620": 0.2101674377132695, "GO:1901491": 0.3684210526315789, "GO:1902256": 0.4703238646213918, "GO:1902680": 0.2788081055494745}