{"GO:1901702": 0.1224878100266372, "GO:0015370": 0.3527298433871498, "GO:0006814": 0.3417123540604362, "GO:0046873": 0.1991696526271896, "GO:0030001": 0.1967404449172484, "GO:0015081": 0.2841455915681732, "GO:0006811": 0.1365120271864529, "GO:0022890": 0.1510668643598778, "GO:0015318": 0.1131301062836608, "GO:0035725": 0.4232914781592526, "GO:0008324": 0.147143775064924, "GO:0006812": 0.1664752081486219, "GO:0015294": 0.2584003943518372, "GO:0015075": 0.1124659597599342, "GO:0022853": 0.1650284653075867, "GO:0005343": 0.4560215722547089, "GO:0015291": 0.1569129280034638, "GO:0098660": 0.1731832418019921, "GO:0098662": 0.2103462025176093, "GO:0015293": 0.2211248875111723, "GO:0017153": 0.6379607025346674, "GO:0098655": 0.2116436630451603, "GO:0034220": 0.1788741802505682, "GO:0015139": 0.4757375059873951, "GO:0022804": 0.1100892972902621, "GO:0098590": 0.1615977136224368, "GO:0015742": 0.4418899363121722, "GO:0006835": 0.254114587712527, "GO:0005215": 0.0400594654109075, "GO:0005310": 0.2904277486922748, "GO:0015141": 0.4465724917742671, "GO:0015744": 0.4703238646213918, "GO:0071422": 0.5400876999370995, "GO:0022857": 0.0613082028393101, "GO:0009448": 0.3762590916971134, "GO:0005154": 0.4276174972368164, "GO:0008514": 0.1243263286007151}