{"GO:0022600": 0.1425945999509794, "GO:0070327": 0.3157894736842105, "GO:0010949": 0.5263157894736842, "GO:0045796": 0.5263157894736842, "GO:1904730": 0.4232914781592526, "GO:1990184": 0.4, "GO:0098856": 0.3292267052349742, "GO:0007586": 0.1049042798185326, "GO:0015821": 0.4556618467755874, "GO:0015828": 0.4703238646213918, "GO:0060480": 0.5789473684210527, "GO:0098713": 0.5400876999370995, "GO:1903801": 0.631578947368421, "GO:1904479": 0.3645294774204699, "GO:0010817": 0.0913383678944347, "GO:0015817": 0.4556618467755874, "GO:0015823": 0.3927910544997086, "GO:0015829": 0.4556618467755874, "GO:0060481": 0.4418899363121722, "GO:1902024": 0.517356251083531, "GO:0006575": 0.138346129546281, "GO:0015818": 0.4703238646213918, "GO:0060482": 0.3645294774204699, "GO:0014850": 0.1822647387102349, "GO:0015190": 0.6153846153846154, "GO:0015827": 0.4703238646213918, "GO:0043190": 0.3242680505555582, "GO:0050892": 0.2135702212877726, "GO:0070482": 0.1418792136178363, "GO:0031528": 0.4281851274557963, "GO:0005902": 0.3147371407170309, "GO:0098797": 0.1044663170510161, "GO:0030300": 0.4232914781592526, "GO:0015820": 0.4703238646213918, "GO:0030299": 0.4736842105263157, "GO:0060433": 0.2942344127985773, "GO:0061140": 0.4556618467755874, "GO:1904729": 0.3417123540604362, "GO:0009914": 0.1567818871446984, "GO:0015824": 0.4703238646213918, "GO:0038183": 0.2821943187728351}