{"GO:0099534": 0.6153846153846154, "GO:0005576": 0.0926728765901008, "GO:0009888": 0.0661214063760881}