{"GO": {"GO:0022600": 0.02867470527377088, "GO:0070327": 0.017845364362041694, "GO:0010949": 0.013928210049271276, "GO:0045796": 0.010446157536953457, "GO:1904730": 0.008356926029562766, "GO:1990184": 0.006964105024635638, "GO:0098856": 0.006608766720605734, "GO:0007586": 0.013798028725010111, "GO:0015821": 0.01389118873950123, "GO:0015828": 0.012502069865551108, "GO:0060480": 0.011365518059591916, "GO:0098713": 0.010418391554625922, "GO:1903801": 0.009616976819654698, "GO:1904479": 0.008930049903965077, "GO:0010817": 0.008937352686900974, "GO:0015817": 0.015586061127550923, "GO:0015823": 0.01466923400240087, "GO:0015829": 0.013854276557823043, "GO:0060481": 0.013125104107411304, "GO:1902024": 0.012468848902040738, "GO:0006575": 0.012027419742818452, "GO:0015818": 0.018842008862818723, "GO:0060482": 0.01802279108617443, "GO:0014850": 0.018917490368043955, "GO:0015190": 0.02480540080885063, "GO:0015827": 0.023851346931587143, "GO:0043190": 0.022967963711898732, "GO:0050892": 0.024627051711623087, "GO:0070482": 0.027421281204750073, "GO:0031528": 0.027735819297566293, "GO:0005902": 0.03480518466714153, "GO:0098797": 0.03776435941929115, "GO:0030300": 0.044742569800730984, "GO:0015820": 0.04974960269899787, "GO:0030299": 0.04844040262797161, "GO:0060433": 0.04719834102212618, "GO:0061140": 0.04601838249657303, "GO:1904729": 0.04489598292348588, "GO:0009914": 0.04893736626453432, "GO:0015824": 0.04986270153878657, "GO:0038183": 0.04877872976620425}, "KEGG": {"hsa04975": 0.003190875500004628, "hsa04976": 0.02316483771159139, "hsa02010": 0.03518016193234896}, "REACTOME": {"R-HSA-5679090": 0.004195044217220991, "R-HSA-5679096": 0.0020975221086104957, "R-HSA-444209": 0.013872304408789551}, "HPO": {"HP:0033341": 0.025568214161876556}}