{"GO:0071944": 0.044889577143944, "GO:0031528": 0.4281851274557963, "GO:0035295": 0.1053577778324626, "GO:0009653": 0.059542392435306, "GO:0001822": 0.1532689233787538, "GO:0014850": 0.1822647387102349, "GO:0048731": 0.0623697271218187, "GO:0072001": 0.1282324442271628, "GO:0005576": 0.0926728765901008, "GO:0060481": 0.4418899363121722, "GO:0009410": 0.1127573224490001, "GO:0098590": 0.1615977136224368, "GO:0072006": 0.1951195957244839, "GO:0072073": 0.2054349813955673, "GO:0005342": 0.1305595193261777, "GO:0009888": 0.066121406376088, "GO:0060482": 0.3645294774204699, "GO:1904016": 0.2454944090623179, "GO:0098858": 0.2126025225252976, "GO:0042221": 0.0452149132160547, "GO:0060429": 0.0957119318455269}