{"GO": {"GO:0071944": 0.040170295638610354, "GO:0031528": 0.0355523759058761, "GO:0035295": 0.02498320963904015, "GO:0009653": 0.02514984760445943, "GO:0001822": 0.03888882460021871, "GO:0014850": 0.03892929352900303, "GO:0048731": 0.03339410275426856, "GO:0072001": 0.03898683172659085, "GO:0005576": 0.03830844926118515, "GO:0060481": 0.03571323589589791, "GO:0009410": 0.036163622899820676, "GO:0098590": 0.04245830308996131, "GO:0072006": 0.046866816586960534, "GO:0072073": 0.0467528568220391, "GO:0005342": 0.046769237159771, "GO:0009888": 0.048111767835156735, "GO:0060482": 0.0487191190198059, "GO:1904016": 0.04615495486086875, "GO:0098858": 0.04853214262531061, "GO:0042221": 0.04743952608606762, "GO:0060429": 0.047000174236866615}, "KEGG": {"hsa04975": 0.013329478207148282}, "REACTOME": {}, "HPO": {}}