{"GO": {"GO:0099534": 0.039428201904631345, "GO:0005576": 0.03455716818610578, "GO:0009888": 0.03146366132638991}, "KEGG": {}, "REACTOME": {"R-HSA-909733": 0.008818981129152208, "R-HSA-6809371": 0.04041969622213366}, "HPO": {"HP:0009317": 0.029067968761197643, "HP:0010270": 0.03379965240584003}}