{"GO": {"GO:1901702": 0.003685789431501232, "GO:0015370": 0.0018821140220398047, "GO:0006814": 0.0027755279405333884, "GO:0046873": 0.0023625123372729103, "GO:0030001": 0.0032052777201967376, "GO:0015081": 0.0027487376009840657, "GO:0006811": 0.0024603470491190204, "GO:0022890": 0.0023051829628696822, "GO:0015318": 0.0026628796853977606, "GO:0035725": 0.0029611469341560585, "GO:0008324": 0.0030420202438933217, "GO:0006812": 0.0031383130385976023, "GO:0015294": 0.0032310765206849533, "GO:0015075": 0.003028285468278262, "GO:0022853": 0.0028292632331864357, "GO:0005343": 0.003057289321241277, "GO:0015291": 0.0046745498271510135, "GO:0098660": 0.0046996395537781555, "GO:0098662": 0.005994332844939581, "GO:0015293": 0.007195549555994091, "GO:0017153": 0.008349220339536056, "GO:0098655": 0.008459845041620853, "GO:0034220": 0.010177900980639002, "GO:0015139": 0.014567320408315265, "GO:0022804": 0.018460370155469336, "GO:0098590": 0.020381639080665877, "GO:0015742": 0.021516520292224128, "GO:0006835": 0.024274418945576703, "GO:0005215": 0.02593454738783762, "GO:0005310": 0.026502499644363065, "GO:0015141": 0.028026053126759074, "GO:0015744": 0.027150238966547852, "GO:0071422": 0.026327504452410038, "GO:0022857": 0.027815396288503852, "GO:0009448": 0.0346481967665163, "GO:0005154": 0.04310976516295864, "GO:0008514": 0.047664288889993876}, "KEGG": {"hsa00650": 0.030519731157374184}, "REACTOME": {"R-HSA-425407": 0.049163753282042165, "R-HSA-112315": 0.04122335025797589, "R-HSA-433137": 0.028398103691529942, "R-HSA-112316": 0.04561307473552537}, "HPO": {}}